Year,ST,STATE,TotalPopulation,WorkForce,Employed,EmployedPercent,Unemployed,UnemployedPercent,H_MEAN,H_PCT10,H_PCT25,H_MEDIAN,H_PCT75,H_PCT90
2003,AL,Alabama,"45,03,491",2120238,1992742,93.98671281,127496,6.013287188,15.06,6.37,7.97,11.52,18.33,27.23
2003,AK,Alaska,"6,48,414",331673,305725,92.1766318,25948,7.823368197,19.51,8.38,11.18,16.55,24.64,34
2003,AZ,Arizona,"55,10,364",2736001,2578855,94.25636175,157146,5.743638252,16.14,6.68,8.63,12.76,19.54,28.87
2003,AR,Arkansas,"27,24,816",1271706,1196303,94.07072075,75403,5.929279252,13.72,6.41,7.95,10.99,16.32,23.41
2003,CA,California,"3,52,53,159",17277624,16102841,93.20055234,1174783,6.799447656,19.54,7.52,9.46,14.99,24.28,36.62
2003,CO,Colorado,"45,28,732",2486232,2338206,94.04617107,148026,5.953828927,18.5,7.58,10.04,14.82,22.33,33.67
2003,CT,Connecticut,"34,84,336",1784258,1687923,94.60083687,96335,5.399163126,20.66,8.15,10.94,16.51,25.14,36.61
2003,DE,Delaware,"8,18,003",415161,397472,95.73924333,17689,4.26075667,18.04,7.44,9.66,14.28,21.86,32.78
2003,FL,Florida,"1,70,04,085",8210700,7783152,94.79279477,427548,5.207205232,15.64,6.59,8.36,11.97,18.51,27.75
2003,GA,Georgia,"86,22,793",4394454,4182530,95.17746687,211924,4.822533129,16.77,6.75,8.81,12.97,20.3,30.15
2003,HI,Hawaii,"12,51,154",603124,578324,95.88807608,24800,4.111923916,17.14,7.14,9.52,13.78,20.98,30.61
2003,ID,Idaho,"13,63,380",690013,651338,94.39503314,38675,5.604966863,15.17,6.67,8.54,12.15,18.72,26.54
2003,IL,Illinois,"1,25,56,006",6300230,5874613,93.24442124,425617,6.755578765,17.95,6.8,9.2,14.08,22.31,33.03
2003,IN,Indiana,"61,96,638",3182994,3014660,94.7114572,168334,5.2885428,15.9,6.95,9.06,12.88,19.52,27.5
2003,IA,Iowa,"29,41,999",1606799,1534492,95.49993496,72307,4.500065036,14.88,6.66,8.62,12.22,17.85,25.46
2003,KS,Kansas,"27,23,004",1437030,1357866,94.49113797,79164,5.508862028,15.85,6.84,8.75,12.55,19.36,27.92
2003,KY,Kentucky,"41,17,170",1960055,1839883,93.86894756,120172,6.131052445,15.15,6.69,8.58,12.14,18.26,26.54
2003,LA,Louisiana,"45,21,042",2018325,1888975,93.59122044,129350,6.408779557,14.62,6.2,7.54,11.5,18,26.19
2003,ME,Maine,"13,06,513",683548,649576,95.0300491,33972,4.969950903,15.56,7.31,9.21,12.65,18.57,26.41
2003,MD,Maryland,"54,96,269",2882221,2754524,95.56949311,127697,4.43050689,19.07,7.33,9.95,15.23,23.66,35.71
2003,MA,Massachusetts,"64,22,565",3422415,3226984,94.28967557,195431,5.710324435,20.59,8.33,10.85,16.33,25.23,37.13
2003,MI,Michigan,"1,00,41,152",5027861,4667104,92.82484142,360757,7.175158581,18.32,7.27,9.68,14.48,23.28,33.28
2003,MN,Minnesota,"50,53,572",2874672,2734291,95.11662548,140381,4.883374521,18.34,7.56,10.12,14.86,22.26,32.38
2003,MS,Mississippi,"28,68,312",1301252,1219143,93.69000009,82109,6.309999908,13.13,6.22,7.6,10.73,15.65,22.29
2003,MO,Missouri,"57,09,403",3020820,2850982,94.37775174,169838,5.622248264,16.23,6.87,8.76,12.68,19.68,28.6
2003,MT,Montana,"9,19,630",471492,449267,95.28624028,22225,4.713759724,13.93,6.43,8,11.31,17.16,24.43
2003,NE,Nebraska,"17,38,643",964271,926317,96.06396957,37954,3.936030431,15.23,6.91,8.76,12.12,18.23,26.62
2003,NV,Nevada,"22,48,850",1147043,1088790,94.92146328,58253,5.078536724,16.23,6.9,9.14,12.99,19.71,28.23
2003,NH,New Hampshire,"12,79,840",707521,677030,95.69044594,30491,4.309554063,17.19,7.62,9.76,13.6,20.32,29.65
2003,NJ,New Jersey,"86,01,402",4347155,4093688,94.16935904,253467,5.830640959,19.72,7.29,9.98,15.6,24.59,36.89
2003,NM,New Mexico,"18,77,574",889738,837671,94.14805257,52067,5.851947427,15.27,6.37,8.03,11.84,18.65,27.73
2003,NY,New York,"1,91,75,939",9263403,8672911,93.62553912,590492,6.374460876,20.32,7.19,9.97,15.63,24.92,38.62
2003,NC,North Carolina,"84,22,501",4255635,3984599,93.63112673,271036,6.36887327,15.99,7,8.94,12.57,18.77,27.66
2003,ND,North Dakota,"6,38,817",344685,331855,96.27776085,12830,3.722239146,14.13,6.53,8.19,11.34,16.99,24.42
2003,OH,Ohio,"1,14,34,788",5872373,5505858,93.758656,366515,6.241344002,16.77,6.95,9.19,13.55,20.62,29.03
2003,OK,Oklahoma,"35,04,892",1685576,1593524,94.53884014,92052,5.461159865,14.57,6.42,8.03,11.42,17.45,25.69
2003,OR,Oregon,"35,47,376",1845550,1695909,91.89179377,149641,8.108206226,17.09,7.74,9.65,13.89,20.75,29.76
2003,PA,Pennsylvania,"1,23,74,658",6170366,5821716,94.34960584,348650,5.650394158,16.86,6.78,8.98,13.4,20.68,30.56
2003,RI,Rhode Island,"10,71,342",560483,530567,94.66246077,29916,5.33753923,17.85,7.38,9.66,14.21,21.71,32.17
2003,SC,South Carolina,"41,50,297",1997984,1859772,93.08242709,138212,6.917572914,14.98,6.69,8.55,12.02,17.76,26.11
2003,SD,South Dakota,"7,63,729",423039,408091,96.46651964,14948,3.533480365,13.28,6.73,8.27,10.99,15.38,22.01
2003,TN,Tennessee,"58,47,812",2912193,2748141,94.36671951,164052,5.633280487,15.34,6.73,8.63,12.19,18.12,26.69
2003,TX,Texas,"2,20,30,931",10914689,10185324,93.3175833,729365,6.682416696,16.47,6.46,8.3,12.5,20.04,30.09
2003,UT,Utah,"23,60,137",1200241,1132556,94.36071589,67685,5.63928411,15.88,7.04,8.9,12.45,19.07,27.67
2003,VT,Vermont,"6,17,858",345970,331119,95.70743128,14851,4.29256872,16.11,7.59,9.52,13.09,19.19,27.2
2003,VA,Virginia,"73,66,977",3753711,3599268,95.88559162,154443,4.114408381,17.76,6.93,9.06,13.62,21.63,33.83
2003,WA,Washington,"61,04,115",3127408,2895865,92.59632897,231543,7.403671027,19.04,8.07,10.46,15.66,23.61,34.02
2003,WV,West Virginia,"18,12,295",786558,738993,93.95276636,47565,6.047233643,14.2,6.24,7.66,11.16,17.74,25.29
2003,WI,Wisconsin,"54,79,203",3053648,2879781,94.30625272,173867,5.693747282,16.34,7.27,9.35,13.31,19.95,28.13
2003,WY,Wyoming,"5,03,453",273621,261970,95.74192039,11651,4.258079606,15,6.48,8.27,12.33,19.04,26.58
2003,PR,Puerto Rico,"38,26,095",1345789,1184591,88.02204506,161198,11.97795494,10.41,5.8,6.39,7.92,11.81,17.58
2004,AL,Alabama,"45,30,729",2136463,2014892,94.30970721,121571,5.690292788,15.19,6.41,8.13,11.76,18.48,27.2
2004,AK,Alaska,"6,59,286",336742,311644,92.54681626,25098,7.453183743,19.9,8.72,11.4,16.84,25.06,34.34
2004,AZ,Arizona,"56,52,404",2796272,2655430,94.96322246,140842,5.036777538,16.6,6.83,8.95,13.13,19.99,30.06
2004,AR,Arkansas,"27,49,686",1300325,1226126,94.29381116,74199,5.706188837,13.95,6.42,8.06,11.25,16.72,24.05
2004,CA,California,"3,55,74,576",17383630,16303995,93.78935815,1079635,6.210641851,19.96,7.78,9.66,15.36,25.04,37.87
2004,CO,Colorado,"45,75,013",2532369,2393564,94.51876879,138805,5.481231211,18.95,7.68,10.27,15.26,23.13,34.61
2004,CT,Connecticut,"34,96,094",1774201,1686216,95.04086628,87985,4.959133717,21.02,8.4,11.18,16.88,25.85,37.4
2004,DE,Delaware,"8,30,803",420383,403599,96.00745035,16784,3.992549651,18.57,7.52,9.81,14.63,22.9,33.51
2004,FL,Florida,"1,74,15,318",8440430,8049905,95.37316227,390525,4.626837732,16.02,6.71,8.6,12.36,19.12,28.44
2004,GA,Georgia,"87,69,252",4451804,4239067,95.2213305,212737,4.778669501,17.15,6.78,9,13.29,20.8,31.28
2004,HI,Hawaii,"12,73,569",610913,590157,96.60246222,20756,3.397537784,17.45,7.23,9.69,14.07,21.34,31.67
2004,ID,Idaho,"13,91,802",703065,668443,95.075562,34622,4.924437996,15.55,6.73,8.69,12.54,19.37,27.13
2004,IL,Illinois,"1,25,89,773",6325448,5933128,93.79775156,392320,6.202248442,18.44,6.94,9.38,14.41,22.99,33.95
2004,IN,Indiana,"62,33,007",3167810,2998076,94.6419135,169734,5.358086501,16.13,7.02,9.19,13.11,19.97,27.79
2004,IA,Iowa,"29,53,635",1601796,1529765,95.50311026,72031,4.496889741,15.19,6.78,8.88,12.53,18.34,26.07
2004,KS,Kansas,"27,34,373",1463720,1383871,94.54478999,79849,5.455210013,16.11,6.9,8.89,12.8,19.68,28.49
2004,KY,Kentucky,"41,46,101",1963883,1857821,94.59937277,106062,5.400627227,15.35,6.73,8.73,12.49,18.59,26.61
2004,LA,Louisiana,"45,52,238",2037185,1916539,94.07780835,120646,5.922191652,14.9,6.2,7.74,11.82,18.48,26.68
2004,ME,Maine,"13,13,688",685966,654153,95.36230659,31813,4.637693413,15.84,7.42,9.43,12.98,19.14,26.76
2004,MD,Maryland,"55,46,935",2889328,2766478,95.74814628,122850,4.251853718,19.62,7.46,10.17,15.59,24.38,37.2
2004,MA,Massachusetts,"64,12,281",3395512,3220833,94.85559173,174679,5.144408266,21.46,8.6,11.25,17,26.52,39.6
2004,MI,Michigan,"1,00,55,315",5062385,4705596,92.95215595,356789,7.04784405,18.68,7.36,9.91,14.91,23.84,33.92
2004,MN,Minnesota,"50,87,713",2880439,2745621,95.31953289,134818,4.680467109,18.94,7.77,10.38,15.34,22.94,33.67
2004,MS,Mississippi,"28,89,010",1313106,1232189,93.83774044,80917,6.162259559,13.55,6.24,7.78,10.97,16.17,23.21
2004,MO,Missouri,"57,47,741",3015651,2838875,94.13804847,176776,5.861951532,16.41,6.92,8.86,12.85,20.07,29.08
2004,MT,Montana,"9,30,009",480278,457424,95.24150596,22854,4.758494039,14.27,6.51,8.2,11.62,17.66,25.27
2004,NE,Nebraska,"17,49,370",969990,932516,96.1366612,37474,3.863338797,15.71,7.02,9.04,12.57,18.87,27.3
2004,NV,Nevada,"23,46,222",1177637,1126946,95.69553266,50691,4.304467336,16.38,7.01,9.21,13.13,19.99,28.59
2004,NH,New Hampshire,"12,90,121",716184,689150,96.22527172,27034,3.774728282,17.67,7.74,9.99,14,20.97,31.09
2004,NJ,New Jersey,"86,34,561",4349172,4138832,95.16367713,210340,4.836322868,20.31,7.44,10.21,16.08,25.45,38.54
2004,NM,New Mexico,"19,03,808",902267,852614,94.49686179,49653,5.503138206,15.74,6.43,8.24,12.2,19.26,28.8
2004,NY,New York,"1,91,71,567",9355964,8812628,94.19262408,543336,5.807375916,20.69,7.37,10.22,16.03,25.6,39.6
2004,NC,North Carolina,"85,53,152",4253135,4019812,94.51409372,233323,5.485906279,16.33,7.05,9.02,12.83,19.36,28.37
2004,ND,North Dakota,"6,44,705",352467,340403,96.57726823,12064,3.422731773,14.51,6.65,8.47,11.77,17.51,25.23
2004,OH,Ohio,"1,14,52,251",5870487,5502445,93.73063938,368042,6.269360617,17.1,7.04,9.37,13.83,21.09,29.92
2004,OK,Oklahoma,"35,25,233",1689615,1607427,95.13569659,82188,4.864303406,14.87,6.44,8.12,11.72,17.87,26.33
2004,OR,Oregon,"35,69,463",1838115,1703707,92.68772628,134408,7.312273715,17.48,7.95,9.86,14.22,21.22,30.97
2004,PA,Pennsylvania,"1,24,10,722",6213786,5877001,94.58003542,336785,5.419964576,17.2,6.82,9.14,13.67,21.1,31.51
2004,RI,Rhode Island,"10,74,579",558690,529894,94.8458,28796,5.154200004,18.32,7.67,9.95,14.73,22.34,33.07
2004,SC,South Carolina,"42,10,921",2033313,1894140,93.15535778,139173,6.844642217,15.27,6.68,8.59,12.23,18.21,26.74
2004,SD,South Dakota,"7,70,396",427667,411767,96.28215411,15900,3.717845894,13.83,6.85,8.48,11.38,16.18,23.31
2004,TN,Tennessee,"59,10,809",2878742,2725112,94.6632939,153630,5.336706103,15.6,6.85,8.82,12.51,18.62,27.07
2004,TX,Texas,"2,23,94,023",10992387,10338495,94.05141031,653892,5.948589692,16.76,6.47,8.4,12.72,20.46,31.31
2004,UT,Utah,"24,01,580",1231162,1169796,95.01560315,61366,4.984396854,16.21,7.11,9,12.69,19.62,28.4
2004,VT,Vermont,"6,19,920",347671,334895,96.32526153,12776,3.674738474,16.52,7.87,9.8,13.43,19.62,27.63
2004,VA,Virginia,"74,75,575",3795257,3650277,96.17996884,144980,3.82003116,18.47,7.08,9.33,14.15,22.64,35.68
2004,WA,Washington,"61,78,645",3197105,2996802,93.73486326,200303,6.265136741,19.44,8.27,10.65,15.92,24.19,34.79
2004,WV,West Virginia,"18,16,438",783673,741897,94.66920514,41776,5.33079486,14.54,6.26,7.82,11.39,18.16,25.98
2004,WI,Wisconsin,"55,14,026",3034590,2882068,94.97388445,152522,5.026115554,16.77,7.34,9.62,13.72,20.49,28.65
2004,WY,Wyoming,"5,09,106",274798,264324,96.18847299,10474,3.811527013,15.47,6.63,8.6,12.72,19.67,27.05
2004,PR,Puerto Rico,"38,26,878",1347049,1204536,89.42035516,142513,10.57964484,10.38,5.74,6.33,7.81,11.67,17.56
2005,AL,Alabama,"45,69,805",2146037,2049794,95.51531497,96243,4.484685026,15.54,6.44,8.29,12.07,18.91,27.76
2005,AK,Alaska,"6,66,946",344564,320813,93.10694095,23751,6.893059054,20.55,9.05,11.81,17.3,25.86,35.62
2005,AZ,Arizona,"58,39,077",2883225,2748371,95.32280693,134854,4.677193074,16.8,6.99,9.1,13.28,20.19,30.65
2005,AR,Arkansas,"27,81,097",1345923,1275451,94.76403925,70472,5.23596075,14.31,6.46,8.19,11.53,17.19,25.08
2005,CA,California,"3,58,27,943",17530070,16582652,94.59546938,947418,5.404530615,20.44,7.91,9.87,15.8,25.74,39.26
2005,CO,Colorado,"46,31,888",2563915,2435092,94.97553546,128823,5.02446454,19.36,7.75,10.4,15.53,23.85,35.32
2005,CT,Connecticut,"35,06,956",1796979,1709384,95.12542996,87595,4.874570042,21.57,8.63,11.43,17.3,26.59,38.99
2005,DE,Delaware,"8,45,150",432409,414465,95.85022513,17944,4.149774866,18.84,7.53,9.98,14.95,23.41,34.03
2005,FL,Florida,"1,78,42,038",8720978,8398978,96.30775356,322000,3.692246443,16.55,6.97,8.9,12.75,19.77,29.51
2005,GA,Georgia,"89,25,922",4586427,4341229,94.65383402,245198,5.346165981,17.45,6.77,9.13,13.49,21.17,32.02
2005,HI,Hawaii,"12,92,729",626913,608957,97.13580672,17956,2.864193277,17.81,7.33,9.84,14.39,21.86,32.48
2005,ID,Idaho,"14,28,241",731671,702289,95.98426069,29382,4.015739315,15.89,6.72,8.86,12.84,19.64,27.55
2005,IL,Illinois,"1,26,09,903",6397822,6033921,94.31211122,363901,5.687888785,18.89,7.11,9.55,14.78,23.78,34.86
2005,IN,Indiana,"62,78,616",3205441,3029959,94.52549587,175482,5.474504132,16.38,7.07,9.29,13.3,20.28,28.3
2005,IA,Iowa,"29,64,454",1629772,1560172,95.729464,69600,4.270536001,15.55,6.91,9.07,12.84,18.84,26.6
2005,KS,Kansas,"27,45,299",1465652,1392033,94.97704776,73619,5.022952242,16.33,6.93,9.02,12.99,19.99,28.94
2005,KY,Kentucky,"41,82,742",1999783,1881945,94.10746066,117838,5.892539341,15.65,6.76,8.85,12.73,19.09,26.95
2005,LA,Louisiana,"45,76,628",1484641,1382722,93.13510808,101919,6.864891917,15.11,6.23,7.92,12.01,18.79,27
2005,ME,Maine,"13,18,787",697145,663126,95.12024041,34019,4.879759591,16.31,7.57,9.64,13.3,19.63,27.3
2005,MD,Maryland,"55,92,379",2924546,2803491,95.86072505,121055,4.139274951,20.23,7.54,10.36,16.09,25.26,38.93
2005,MA,Massachusetts,"64,03,290",3384121,3220093,95.15301019,164028,4.846989809,22.1,8.74,11.58,17.47,27.17,41.05
2005,MI,Michigan,"1,00,51,137",5083141,4738909,93.22796672,344232,6.772033276,19.25,7.46,10.14,15.46,24.52,34.65
2005,MN,Minnesota,"51,19,598",2879775,2762737,95.93586304,117038,4.064136955,19.39,7.92,10.58,15.74,23.6,34.33
2005,MS,Mississippi,"29,05,943",1317406,1218830,92.5174168,98576,7.482583198,13.99,6.31,7.97,11.19,16.71,24.56
2005,MO,Missouri,"57,90,300",3009344,2847008,94.60560175,162336,5.394398248,16.66,6.95,8.97,13.08,20.41,29.98
2005,MT,Montana,"9,40,102",486062,464910,95.64829178,21152,4.351708218,14.53,6.54,8.3,11.86,17.75,25.61
2005,NE,Nebraska,"17,61,497",973002,935911,96.18798317,37091,3.81201683,16.01,7.05,9.2,12.88,19.42,27.87
2005,NV,Nevada,"24,32,143",1223833,1173709,95.90434316,50124,4.095656842,16.71,7.07,9.38,13.3,20.28,29.31
2005,NH,New Hampshire,"12,98,492",725853,700028,96.44211707,25825,3.557882932,18.26,7.89,10.29,14.63,21.72,32.47
2005,NJ,New Jersey,"86,51,974",4391580,4194898,95.5213841,196682,4.478615897,21.09,7.67,10.54,16.68,26.38,40.21
2005,NM,New Mexico,"19,32,274",918159,871249,94.89086313,46910,5.109136871,15.95,6.44,8.31,12.41,19.53,29.52
2005,NY,New York,"1,91,32,610",9460871,8986862,94.98979534,474009,5.010204663,21.18,7.62,10.47,16.36,26.19,40.69
2005,NC,North Carolina,"87,05,407",4317438,4091043,94.75626517,226395,5.243734826,16.57,7.1,9.15,13.06,19.76,29.07
2005,ND,North Dakota,"6,46,089",355548,343512,96.61480306,12036,3.385196935,14.83,6.79,8.7,12.14,18.12,25.91
2005,OH,Ohio,"1,14,63,320",5890059,5541090,94.07528855,348969,5.92471145,17.44,7.09,9.5,14.07,21.57,31.02
2005,OK,Oklahoma,"35,48,597",1703297,1627112,95.527204,76185,4.472795995,15.12,6.5,8.25,12,18.3,26.77
2005,OR,Oregon,"36,13,202",1845765,1731846,93.82808754,113919,6.171912459,17.92,8.15,10.02,14.5,21.61,31.86
2005,PA,Pennsylvania,"1,24,49,990",6251410,5940575,95.02776174,310835,4.972238263,17.46,6.94,9.31,13.85,21.47,31.97
2005,RI,Rhode Island,"10,67,916",565736,537196,94.95524414,28540,5.044755858,18.74,7.94,10.2,15.07,23.1,33.62
2005,SC,South Carolina,"42,70,150",2068599,1929233,93.26278317,139366,6.737216831,15.5,6.68,8.62,12.43,18.67,27.12
2005,SD,South Dakota,"7,75,493",430612,414211,96.1912348,16401,3.808765199,14.02,6.97,8.57,11.52,16.36,23.81
2005,TN,Tennessee,"59,91,057",2904806,2743389,94.44310567,161417,5.556894333,15.99,6.93,8.95,12.75,19.14,27.63
2005,TX,Texas,"2,27,78,123",11124254,10523260,94.59744447,600994,5.402555533,17.05,6.47,8.44,12.88,20.89,32.14
2005,UT,Utah,"24,57,719",1272452,1220619,95.92652611,51833,4.073473891,16.48,7.12,9.11,12.94,20.06,29.34
2005,VT,Vermont,"6,21,215",350761,338555,96.52013764,12206,3.479862356,16.86,8.11,10.03,13.68,20.1,28.2
2005,VA,Virginia,"75,77,105",3897060,3757606,96.42155882,139454,3.578441184,19.11,7.25,9.61,14.62,23.59,37.54
2005,WA,Washington,"62,57,305",3263703,3082398,94.44480702,181305,5.555192982,19.93,8.47,10.91,16.3,24.88,35.53
2005,WV,West Virginia,"18,20,492",790990,750565,94.88931592,40425,5.110684079,14.69,6.26,7.9,11.54,18.38,26.24
2005,WI,Wisconsin,"55,46,166",3021091,2878088,95.26651134,143003,4.733488664,17.15,7.44,9.8,14.11,20.95,29.67
2005,WY,Wyoming,"5,14,157",276529,266631,96.42062858,9898,3.579371422,15.84,6.79,8.97,13.12,20.15,27.64
2005,PR,Puerto Rico,"38,21,362",1378065,1221818,88.66185557,156247,11.33814443,10.69,5.73,6.37,8.22,12.38,17.96
2006,AL,Alabama,"46,28,981",2167813,2080235,95.96007589,87578,4.039924108,16.08,6.6,8.56,12.49,19.52,29.02
2006,AK,Alaska,"6,75,302",349698,326545,93.37914429,23153,6.62085571,21.12,9.18,12.16,17.7,26.74,37.09
2006,AZ,Arizona,"60,29,141",2990443,2864386,95.78467137,126057,4.215328632,17.43,7.21,9.4,13.77,20.85,31.77
2006,AR,Arkansas,"28,21,761",1365421,1294917,94.83646436,70504,5.163535642,14.84,6.61,8.44,11.93,17.97,25.82
2006,CA,California,"3,60,21,202",17654112,16789426,95.10207027,864686,4.897929729,21.24,8.02,10.21,16.37,26.74,40.87
2006,CO,Colorado,"47,20,423",2622246,2509731,95.70921264,112515,4.290787363,19.93,7.88,10.65,15.82,24.4,36.78
2006,CT,Connecticut,"35,17,460",1828657,1749195,95.65462523,79462,4.345374775,22.1,8.79,11.7,17.76,27.35,39.63
2006,DE,Delaware,"8,59,268",441184,425399,96.42212773,15785,3.577872271,20.04,7.77,10.41,15.82,24.88,36.54
2006,FL,Florida,"1,81,66,990",9000206,8709524,96.77027392,290682,3.229726075,17.22,7.3,9.32,13.31,20.52,30.91
2006,GA,Georgia,"91,55,813",4710786,4489132,95.29475548,221654,4.705244518,17.86,6.94,9.27,13.78,21.66,32.96
2006,HI,Hawaii,"13,09,731",638262,621574,97.38539973,16688,2.614600274,18.57,7.61,10.16,14.97,22.96,33.96
2006,ID,Idaho,"14,68,669",747379,721346,96.51676057,26033,3.483239427,16.73,6.94,9.25,13.47,20.49,29.72
2006,IL,Illinois,"1,26,43,955",6526283,6230845,95.47310468,295438,4.526895325,19.67,7.35,9.78,15.21,24.71,36.56
2006,IN,Indiana,"63,32,669",3235120,3072118,94.9614852,163002,5.0385148,16.92,7.23,9.51,13.7,20.86,29.61
2006,IA,Iowa,"29,82,644",1657588,1596530,96.31645499,61058,3.683545006,15.99,7.05,9.31,13.23,19.31,27.51
2006,KS,Kansas,"27,62,931",1467098,1402804,95.617607,64294,4.382392996,16.81,7.07,9.28,13.47,20.62,29.89
2006,KY,Kentucky,"42,19,239",2029239,1913479,94.29539842,115760,5.704601577,16.1,6.92,9.09,13.11,19.64,27.82
2006,LA,Louisiana,"43,02,665",1497192,1432806,95.69954956,64386,4.300450443,15.82,6.43,8.34,12.7,19.62,28.2
2006,ME,Maine,"13,23,619",701548,669543,95.4379458,32005,4.5620542,16.9,7.82,9.98,13.76,20.23,28.56
2006,MD,Maryland,"56,27,367",2963867,2849355,96.13639883,114512,3.863601167,21.17,7.8,10.81,16.74,26.43,40.6
2006,MA,Massachusetts,"64,10,084",3413339,3246314,95.10669758,167025,4.893302423,22.76,8.88,11.88,17.96,28.21,42.52
2006,MI,Michigan,"1,00,36,081",5076667,4721094,92.99593611,355573,7.004063887,19.82,7.6,10.39,15.86,25.22,35.97
2006,MN,Minnesota,"51,63,555",2887839,2772120,95.99288603,115719,4.00711397,19.96,8.19,10.94,16.13,24.23,35.61
2006,MS,Mississippi,"29,04,978",1290175,1205905,93.46832794,84270,6.53167206,14.64,6.48,8.29,11.68,17.45,25.83
2006,MO,Missouri,"58,42,704",3029697,2882757,95.15001005,146940,4.849989949,17.15,7.09,9.17,13.44,21.01,30.95
2006,MT,Montana,"9,52,692",493621,476381,96.50744194,17240,3.492558056,15.04,6.65,8.57,12.34,18.55,26.57
2006,NE,Nebraska,"17,72,693",970060,939881,96.88895532,30179,3.111044678,16.49,7.18,9.44,13.31,20.03,28.87
2006,NV,Nevada,"25,22,658",1285319,1233288,95.95189988,52031,4.048100121,17.31,7.3,9.72,13.82,21.03,30.62
2006,NH,New Hampshire,"13,08,389",731859,706779,96.57311039,25080,3.426889606,18.87,8.15,10.62,15.11,22.45,33.52
2006,NJ,New Jersey,"86,61,679",4445880,4236485,95.29013379,209395,4.709866213,21.85,8,10.96,17.23,27.34,41.51
2006,NM,New Mexico,"19,62,137",928098,889449,95.83567684,38649,4.164323164,16.34,6.59,8.61,12.85,20.19,30.12
2006,NY,New York,"1,91,04,631",9508160,9077534,95.47098492,430626,4.529015078,22.03,7.9,10.82,16.91,27.23,42.43
2006,NC,North Carolina,"89,17,270",4444969,4234094,95.25587243,210875,4.744127574,17.08,7.24,9.34,13.45,20.36,30.29
2006,ND,North Dakota,"6,49,422",361464,349823,96.77948565,11641,3.220514353,15.6,7.01,9.05,12.77,19.11,27.27
2006,OH,Ohio,"1,14,81,213",5945504,5624446,94.59998681,321058,5.400013186,17.96,7.2,9.73,14.47,22.32,32.16
2006,OK,Oklahoma,"35,94,090",1715800,1647099,95.99597855,68701,4.004021448,15.66,6.64,8.52,12.42,18.93,27.8
2006,OR,Oregon,"36,70,883",1885381,1785041,94.67799877,100340,5.322001229,18.54,8.41,10.3,14.92,22.32,33.16
2006,PA,Pennsylvania,"1,25,10,809",6294512,6006635,95.42653982,287877,4.573460182,18.07,7.17,9.65,14.33,22.21,33.01
2006,RI,Rhode Island,"10,63,096",572603,544357,95.06708837,28246,4.932911633,19.51,8.21,10.58,15.59,23.97,34.95
2006,SC,South Carolina,"43,57,847",2109107,1973341,93.56286808,135766,6.437131924,16.06,6.83,8.87,12.85,19.29,28.34
2006,SD,South Dakota,"7,83,033",435019,421488,96.88956115,13531,3.110438854,14.65,7.22,8.98,11.96,17.01,25.31
2006,TN,Tennessee,"60,88,766",3036029,2878454,94.80983219,157575,5.190167815,16.46,7.05,9.18,13.12,19.64,28.61
2006,TX,Texas,"2,33,59,580",11328001,10774491,95.11378927,553510,4.886210727,17.5,6.62,8.69,13.26,21.34,32.89
2006,UT,Utah,"25,25,507",1318455,1279332,97.03266323,39123,2.967336769,17.09,7.35,9.4,13.46,20.71,30.66
2006,VT,Vermont,"6,22,892",356997,343865,96.32153772,13132,3.678462284,17.48,8.39,10.4,14.19,20.85,29.54
2006,VA,Virginia,"76,73,725",3978654,3855644,96.90825088,123010,3.091749119,19.93,7.44,9.93,15.2,24.52,39.32
2006,WA,Washington,"63,70,753",3323935,3156625,94.96650807,167310,5.033491931,20.63,8.76,11.34,16.81,25.73,36.98
2006,WV,West Virginia,"18,27,912",806171,766403,95.06705153,39768,4.932948469,15.11,6.37,8.1,11.91,18.82,27.02
2006,WI,Wisconsin,"55,77,655",3058940,2914152,95.26672638,144788,4.733273618,17.66,7.59,10.05,14.49,21.56,30.59
2006,WY,Wyoming,"5,22,667",281250,272339,96.83164444,8911,3.168355556,16.48,7.08,9.41,13.77,20.9,28.59
2006,PR,Puerto Rico,"38,05,214",1419882,1270699,89.49328184,149183,10.50671816,11.15,5.82,6.54,8.54,13.03,19.01
2007,AL,Alabama,"46,72,840",2175614,2089131,96.02489228,86483,3.975107717,16.8,6.74,8.86,13.11,20.44,30.27
2007,AK,Alaska,"6,80,300",350786,328579,93.66935967,22207,6.330640333,22,9.38,12.59,18.45,28.08,38.64
2007,AZ,Arizona,"61,67,681",3034015,2917116,96.14705267,116899,3.852947332,18.06,7.57,9.68,14.25,21.61,32.64
2007,AR,Arkansas,"28,48,650",1369289,1296573,94.68950674,72716,5.310493256,15.6,7.11,8.76,12.44,18.75,27.2
2007,CA,California,"3,62,50,311",17893090,16931594,94.62643959,961496,5.373560408,22.11,8.33,10.6,16.91,27.8,42.59
2007,CO,Colorado,"48,03,868",2664682,2565220,96.26739701,99462,3.73260299,20.72,8.08,10.94,16.29,25.27,38.46
2007,CT,Connecticut,"35,27,270",1856200,1773156,95.52612865,83044,4.47387135,22.92,8.98,12.06,18.34,28.45,41.16
2007,DE,Delaware,"8,71,749",443573,428312,96.5595291,15261,3.440470903,20.69,8.08,10.81,16.19,25.41,37.97
2007,FL,Florida,"1,83,67,842",9157134,8789775,95.98827537,367359,4.011724629,17.91,7.6,9.69,13.87,21.37,32.12
2007,GA,Georgia,"93,49,988",4815821,4597638,95.4694537,218183,4.530546297,18.42,7.09,9.51,14.16,22.28,34.11
2007,HI,Hawaii,"13,15,675",638395,620535,97.20235904,17860,2.797640959,19.33,8.09,10.71,15.54,23.91,35.09
2007,ID,Idaho,"15,05,105",754436,731235,96.92472257,23201,3.075277426,16.98,7.17,9.5,13.79,20.81,30.04
2007,IL,Illinois,"1,26,95,866",6665612,6334013,95.02522799,331599,4.974772009,20.7,7.63,10.08,15.8,26.07,38.88
2007,IN,Indiana,"63,79,599",3207691,3061042,95.42820677,146649,4.571793231,17.51,7.37,9.75,14.13,21.55,30.81
2007,IA,Iowa,"29,99,212",1660676,1599332,96.30608258,61344,3.693917417,16.66,7.34,9.53,13.68,20.05,28.73
2007,KS,Kansas,"27,83,785",1483464,1420452,95.75237417,63012,4.247625827,17.45,7.27,9.55,13.97,21.44,31.04
2007,KY,Kentucky,"42,56,672",2032100,1922223,94.59293342,109877,5.407066581,16.8,7.05,9.31,13.56,20.27,29.26
2007,LA,Louisiana,"43,75,581",2030438,1944041,95.74490824,86397,4.255091759,16.38,6.61,8.67,13.21,20.3,29.2
2007,ME,Maine,"13,27,040",700444,667771,95.33538727,32673,4.664612731,17.53,8.08,10.33,14.28,20.91,29.84
2007,MD,Maryland,"56,53,408",2970092,2867347,96.54067955,102745,3.459320452,22.01,8.08,11.2,17.48,27.66,41.99
2007,MA,Massachusetts,"64,31,559",3426002,3268097,95.39098343,157905,4.609016574,23.59,9.05,12.2,18.47,29.24,44.3
2007,MI,Michigan,"1,00,01,284",5011123,4658943,92.97203441,352180,7.027965588,20.3,7.75,10.54,16.13,25.7,37.01
2007,MN,Minnesota,"52,07,203",2906398,2773708,95.43455507,132690,4.565444925,20.59,8.4,11.25,16.57,24.96,37
2007,MS,Mississippi,"29,28,350",1303519,1224062,93.90442333,79457,6.095576666,15.25,6.69,8.63,12.13,18.23,27.03
2007,MO,Missouri,"58,87,612",3034582,2879652,94.89451925,154930,5.105480755,17.9,7.38,9.45,14.02,21.96,32.19
2007,MT,Montana,"9,64,706",502072,484194,96.43915614,17878,3.560843863,15.69,7.09,8.87,12.82,19.15,27.73
2007,NE,Nebraska,"17,83,440",978769,949493,97.00889587,29276,2.991104132,16.96,7.3,9.6,13.73,20.57,30
2007,NV,Nevada,"26,01,072",1330399,1270575,95.5033039,59824,4.496696104,18,7.61,10.08,14.34,21.86,32.05
2007,NH,New Hampshire,"13,12,540",737936,712007,96.48628065,25929,3.513719347,19.6,8.41,10.97,15.54,23.29,34.95
2007,NJ,New Jersey,"86,77,885",4441800,4251816,95.72281508,189984,4.277184925,22.64,8.31,11.31,17.77,28.44,43.05
2007,NM,New Mexico,"19,90,070",934029,898998,96.24947405,35031,3.750525947,17.21,6.78,8.89,13.26,21.22,32.37
2007,NY,New York,"1,91,32,335",9522064,9088212,95.44371892,433852,4.556281075,22.89,8.24,11.24,17.53,28.2,43.66
2007,NC,North Carolina,"91,18,037",4512865,4300308,95.28997654,212557,4.710023455,17.74,7.47,9.6,13.92,21.05,31.45
2007,ND,North Dakota,"6,52,822",367236,355768,96.87721247,11468,3.122787526,16.18,7.18,9.35,13.25,19.63,28.35
2007,OH,Ohio,"1,15,00,468",5990296,5657721,94.44810407,332575,5.551895933,18.58,7.54,9.94,14.85,23,33.22
2007,OK,Oklahoma,"36,34,349",1726260,1655494,95.90061752,70766,4.09938248,16.21,6.79,8.79,12.82,19.52,28.91
2007,OR,Oregon,"37,22,417",1921771,1822775,94.84870986,98996,5.151290138,19.25,8.7,10.59,15.35,23.2,34.63
2007,PA,Pennsylvania,"1,25,63,937",6343004,6064067,95.60244641,278937,4.397553588,18.73,7.56,10,14.83,22.9,33.89
2007,RI,Rhode Island,"10,57,315",573173,543401,94.80575673,29772,5.194243274,20.3,8.39,10.94,16.03,24.84,36.88
2007,SC,South Carolina,"44,44,110",2125896,2005687,94.34549009,120209,5.65450991,16.66,6.99,9.13,13.35,20,29.64
2007,SD,South Dakota,"7,91,623",442510,430018,97.17701295,12492,2.822987051,15.16,7.45,9.3,12.37,17.67,25.78
2007,TN,Tennessee,"61,75,727",3063676,2920357,95.32199227,143319,4.678007727,17.01,7.17,9.33,13.44,20.21,30.05
2007,TX,Texas,"2,38,31,983",11431664,10941425,95.7115692,490239,4.288430801,18.21,6.8,9,13.76,22.2,34.35
2007,UT,Utah,"25,97,746",1359136,1324060,97.41924281,35076,2.580757187,17.83,7.66,9.76,13.99,21.45,32.01
2007,VT,Vermont,"6,23,481",353731,339559,95.99356573,14172,4.006434268,18.3,8.67,10.79,14.81,21.87,31.05
2007,VA,Virginia,"77,51,000",4036854,3914094,96.95901809,122760,3.040981913,20.61,7.67,10.28,15.71,25.38,40.57
2007,WA,Washington,"64,61,587",3403169,3243308,95.30258415,159861,4.69741585,21.5,9.15,11.88,17.39,26.75,38.79
2007,WV,West Virginia,"18,34,052",811164,773993,95.41757277,37171,4.582427228,15.53,6.76,8.27,12.22,19.3,27.77
2007,WI,Wisconsin,"56,10,775",3087841,2936459,95.09748073,151382,4.902519268,18.3,7.81,10.32,14.91,22.29,31.76
2007,WY,Wyoming,"5,34,876",286558,278485,97.18276928,8073,2.817230718,17.36,7.43,9.96,14.66,21.94,30.16
2007,PR,Puerto Rico,"37,82,995",1387363,1232269,88.82095025,155094,11.17904975,11.5,5.91,6.73,8.78,13.44,19.45
2008,AL,Alabama,"47,18,206",2176491,2053479,94.3481503,123012,5.651849698,17.39,7.12,9.12,13.53,21.19,31.23
2008,AK,Alaska,"6,87,455",356111,332288,93.31023192,23823,6.689768078,22.47,9.54,12.83,18.84,28.72,39.22
2008,AZ,Arizona,"62,80,362",3104864,2913905,93.8496823,190959,6.150317695,18.88,7.85,10.07,14.87,22.66,34.21
2008,AR,Arkansas,"28,74,554",1375263,1300020,94.5288283,75243,5.471171696,16.26,7.37,9.08,12.88,19.34,28.43
2008,CA,California,"3,66,04,337",18178125,16854483,92.71848994,1323642,7.281510057,23.12,8.73,11.01,17.52,29.14,44.79
2008,CO,Colorado,"48,89,730",2716628,2585246,95.16378393,131382,4.836216074,21.47,8.33,11.32,16.87,26.27,39.76
2008,CT,Connecticut,"35,45,579",1881454,1774680,94.32492105,106774,5.675078955,23.81,9.18,12.44,18.91,29.55,42.88
2008,DE,Delaware,"8,83,874",447043,424915,95.05014059,22128,4.94985941,21.76,8.48,11.31,16.86,26.81,39.65
2008,FL,Florida,"1,85,27,305",9215533,8637169,93.72403094,578364,6.275969062,18.5,7.83,9.95,14.33,22.13,33.17
2008,GA,Georgia,"95,04,843",4879258,4575008,93.76442074,304250,6.235579262,19.27,7.43,9.8,14.74,23.45,35.84
2008,HI,Hawaii,"13,32,213",639691,612120,95.6899503,27571,4.310049696,20.02,8.42,11.18,16.05,24.59,36.29
2008,ID,Idaho,"15,34,320",755150,716648,94.90141032,38502,5.098589684,17.94,7.71,9.86,14.32,21.94,31.79
2008,IL,Illinois,"1,27,47,038",6657238,6238620,93.71183665,418618,6.288163349,21.64,8.04,10.42,16.3,27.31,40.8
2008,IN,Indiana,"64,24,806",3232097,3041827,94.11310985,190270,5.886890152,18.16,7.62,10.01,14.59,22.25,31.86
2008,IA,Iowa,"30,16,734",1679304,1608702,95.79575824,70602,4.204241757,17.27,7.77,9.87,14.15,20.63,29.74
2008,KS,Kansas,"28,08,076",1499683,1430635,95.39582698,69048,4.604173015,18.1,7.57,9.86,14.48,22.25,31.98
2008,KY,Kentucky,"42,89,878",2030744,1900687,93.59559846,130057,6.40440154,17.49,7.4,9.65,14.12,21.15,30.48
2008,LA,Louisiana,"44,35,586",2084846,1982385,95.08544036,102461,4.914559637,17.12,7.07,9.1,13.9,21.25,30.37
2008,ME,Maine,"13,30,509",701641,663177,94.51799424,38464,5.482005755,18.11,8.31,10.64,14.78,21.61,30.79
2008,MD,Maryland,"56,84,965",3001958,2874990,95.77049379,126968,4.229506209,22.97,8.33,11.61,18.17,29,44.04
2008,MA,Massachusetts,"64,68,967",3452445,3261407,94.46658817,191038,5.533411828,24.52,9.31,12.56,19.09,30.43,46.38
2008,MI,Michigan,"99,46,889",4921471,4529293,92.03128496,392178,7.968715045,20.62,7.94,10.66,16.22,26.08,37.84
2008,MN,Minnesota,"52,47,018",2925088,2766337,94.57277867,158751,5.427221335,21.2,8.59,11.53,16.87,25.79,38.47
2008,MS,Mississippi,"29,47,806",1306773,1220991,93.43558522,85782,6.564414784,15.92,7.12,8.98,12.68,19,28.17
2008,MO,Missouri,"59,23,916",3028870,2842851,93.85846867,186019,6.14153133,18.55,7.64,9.77,14.52,22.79,33.4
2008,MT,Montana,"9,76,415",509162,483348,94.93010083,25814,5.069899168,16.44,7.41,9.34,13.41,19.98,29.13
2008,NE,Nebraska,"17,96,378",989766,956768,96.66608067,32998,3.33391933,17.38,7.53,9.81,14.08,21.06,30.65
2008,NV,Nevada,"26,53,630",1363575,1272188,93.29798508,91387,6.702014924,18.75,7.94,10.5,14.91,22.95,33.7
2008,NH,New Hampshire,"13,15,906",742796,714115,96.13877835,28681,3.861221654,20.52,8.65,11.3,16.01,24.46,36.8
2008,NJ,New Jersey,"87,11,090",4504433,4263966,94.66154786,240467,5.338452143,23.41,8.55,11.62,18.23,29.52,44.58
2008,NM,New Mexico,"20,10,662",944550,902414,95.53903975,42136,4.460960246,18.03,7.38,9.22,13.76,22.28,33.79
2008,NY,New York,"1,92,12,436",9664779,9139082,94.56069301,525697,5.439306993,23.84,8.56,11.64,18.15,29.42,45.49
2008,NC,North Carolina,"93,09,449",4560061,4281715,93.89600271,278346,6.103997293,18.38,7.69,9.87,14.36,21.85,32.62
2008,ND,North Dakota,"6,57,569",371025,359333,96.84872987,11692,3.15127013,16.9,7.56,9.72,13.81,20.27,29.49
2008,OH,Ohio,"1,15,15,391",5965179,5580849,93.55710868,384330,6.44289132,19.15,7.76,10.13,15.25,23.8,34.23
2008,OK,Oklahoma,"36,68,976",1746475,1681084,96.2558296,65391,3.7441704,16.79,7.13,9.09,13.28,19.98,29.97
2008,OR,Oregon,"37,68,748",1955125,1827352,93.46471453,127773,6.535285468,19.92,8.94,10.89,15.73,24.1,36.05
2008,PA,Pennsylvania,"1,26,12,285",6451540,6109644,94.70055212,341896,5.299447884,19.53,7.95,10.41,15.36,23.77,35.22
2008,RI,Rhode Island,"10,55,003",570328,525941,92.21728549,44387,7.782714508,20.87,8.41,11.15,16.42,25.64,38.21
2008,SC,South Carolina,"45,28,996",2142239,1996412,93.19277634,145827,6.807223657,17.33,7.34,9.45,13.85,20.74,30.79
2008,SD,South Dakota,"7,99,124",446617,432927,96.93473379,13690,3.065266212,15.76,7.77,9.65,12.82,18.29,26.73
2008,TN,Tennessee,"62,47,411",3054801,2853759,93.41881844,201042,6.581181557,17.57,7.46,9.6,13.94,20.89,30.87
2008,TX,Texas,"2,43,09,039",11664407,11104135,95.19673825,560272,4.803261752,18.9,7.17,9.3,14.28,23.06,35.43
2008,UT,Utah,"26,63,029",1371201,1322089,96.41832233,49112,3.581677668,18.35,7.98,10.12,14.48,22.19,32.83
2008,VT,Vermont,"6,24,151",354891,338284,95.32053504,16607,4.679464962,19.12,8.96,11.22,15.31,22.79,32.65
2008,VA,Virginia,"78,33,496",4133464,3970441,96.05601984,163023,3.943980158,21.5,7.92,10.62,16.26,26.46,42.48
2008,WA,Washington,"65,62,231",3478579,3291311,94.61653738,187268,5.383462615,22.32,9.42,12.19,17.92,28,40.45
2008,WV,West Virginia,"18,40,310",812905,777560,95.65201346,35345,4.347986542,16.11,7.23,8.53,12.62,19.83,28.58
2008,WI,Wisconsin,"56,40,996",3091808,2940442,95.10428849,151366,4.895711506,18.92,7.99,10.54,15.29,23.13,32.83
2008,WY,Wyoming,"5,46,043",293279,284308,96.94113796,8971,3.058862039,18.35,7.92,10.61,15.52,23.01,31.34
2008,PR,Puerto Rico,"37,60,866",1345931,1187406,88.22190736,158525,11.77809264,11.85,6.39,7.09,9,13.75,19.85
2009,AL,Alabama,"47,57,938",2163003,1924749,88.98503608,238254,11.01496392,18.03,7.48,9.33,13.95,22.01,32.2
2009,AK,Alaska,"6,98,895",359653,331794,92.25392253,27859,7.746077469,23.41,9.7,13.13,19.5,29.97,41.57
2009,AZ,Arizona,"63,43,154",3128111,2817578,90.0728267,310533,9.9271733,19.67,8.14,10.49,15.49,23.59,35.73
2009,AR,Arkansas,"28,96,843",1358908,1252399,92.16216256,106509,7.83783744,16.65,7.5,9.22,13.18,19.71,28.93
2009,CA,California,"3,69,61,229",18215141,16182572,88.84132162,2032569,11.15867838,23.82,8.95,11.21,17.92,29.93,46.06
2009,CO,Colorado,"49,72,195",2722989,2524446,92.70863746,198543,7.291362543,22.11,8.55,11.51,17.44,27.22,41.06
2009,CT,Connecticut,"35,61,807",1891085,1740975,92.06222883,150110,7.937771174,24.5,9.22,12.53,19.29,30.37,44.2
2009,DE,Delaware,"8,91,730",437499,401311,91.72843824,36188,8.271561764,22.25,8.58,11.34,17.16,27.41,40.83
2009,FL,Florida,"1,86,52,644",9094832,8148129,89.5907588,946703,10.4092412,18.96,8.02,10.06,14.58,22.58,34.26
2009,GA,Georgia,"96,20,846",4787765,4311867,90.060122,475898,9.939878002,19.88,7.64,9.87,15.04,24.19,36.98
2009,HI,Hawaii,"13,46,717",631691,586523,92.84966859,45168,7.150331412,20.56,8.63,11.38,16.61,25.28,37.03
2009,ID,Idaho,"15,54,439",757130,690719,91.2285869,66411,8.771413099,18.23,7.81,9.96,14.44,22.17,32.3
2009,IL,Illinois,"1,27,96,778",6618657,5943223,89.7949992,675434,10.2050008,22.17,8.42,10.56,16.74,27.81,41.8
2009,IN,Indiana,"64,59,325",3194005,2864992,89.69904556,329013,10.30095444,18.43,7.77,10.04,14.72,22.47,32.4
2009,IA,Iowa,"30,32,870",1687417,1579249,93.58972915,108168,6.410270846,17.77,7.97,10.04,14.4,21.41,30.57
2009,KS,Kansas,"28,32,704",1518218,1413878,93.12746918,104340,6.872530822,18.52,7.77,9.97,14.64,22.63,33.06
2009,KY,Kentucky,"43,17,074",2060171,1847134,89.65925644,213037,10.34074356,17.97,7.63,9.74,14.38,21.76,31.24
2009,LA,Louisiana,"44,91,648",2064776,1923890,93.17669326,140886,6.823306741,17.6,7.45,9.28,14.16,21.82,31.12
2009,ME,Maine,"13,29,590",696244,639935,91.91246172,56309,8.087538277,18.53,8.42,10.69,15.01,22.09,31.58
2009,MD,Maryland,"57,30,388",3032700,2820247,92.99459228,212453,7.005407722,23.8,8.45,11.76,18.77,30,45.82
2009,MA,Massachusetts,"65,17,613",3470388,3189008,91.89197289,281380,8.108027114,25.34,9.47,12.85,19.64,31.47,47.64
2009,MI,Michigan,"99,01,591",4903550,4233804,86.34160965,669746,13.65839035,20.64,8.19,10.67,16.22,25.81,37.62
2009,MN,Minnesota,"52,81,203",2941981,2713427,92.23128905,228554,7.768710947,21.6,8.59,11.55,17.14,26.36,39.26
2009,MS,Mississippi,"29,58,774",1269226,1148934,90.52241287,120292,9.477587128,16.14,7.43,9.01,12.74,19.26,28.33
2009,MO,Missouri,"59,61,088",3049576,2766716,90.72461221,282860,9.275387792,18.87,7.83,9.87,14.7,23.08,34.19
2009,MT,Montana,"9,83,982",501021,466713,93.15238283,34308,6.847617166,16.87,7.72,9.51,13.65,20.53,29.56
2009,NE,Nebraska,"18,12,683",991589,945652,95.36733465,45937,4.632665348,17.94,7.73,9.96,14.39,21.81,31.62
2009,NV,Nevada,"26,84,665",1349301,1196760,88.69481309,152541,11.30518691,19.42,8.09,10.7,15.26,23.8,35.21
2009,NH,New Hampshire,"13,16,102",744246,697820,93.7620088,46426,6.237991202,21.02,8.72,11.41,16.36,25.15,37.96
2009,NJ,New Jersey,"87,55,602",4550646,4138571,90.94469225,412075,9.055307752,24.04,8.71,11.72,18.56,30.32,45.79
2009,NM,New Mexico,"20,36,802",940352,869492,92.46452392,70860,7.535476077,18.71,7.83,9.34,14.1,23.2,35.14
2009,NY,New York,"1,93,07,066",9647494,8844492,91.67657425,803002,8.323425752,24.42,8.7,11.77,18.49,30,46.1
2009,NC,North Carolina,"94,49,566",4570808,4087116,89.41780097,483692,10.58219903,18.95,7.81,10.02,14.7,22.5,33.99
2009,ND,North Dakota,"6,64,968",368670,353456,95.8732742,15214,4.126725798,17.31,7.77,9.88,14.06,20.86,29.91
2009,OH,Ohio,"1,15,28,896",5906767,5297098,89.67846539,609669,10.32153461,19.37,7.96,10.13,15.3,23.93,34.79
2009,OK,Oklahoma,"37,17,572",1764439,1652026,93.62896649,112413,6.371033513,17.22,7.46,9.24,13.53,20.56,30.54
2009,OR,Oregon,"38,08,600",1976643,1753686,88.72042144,222957,11.27957856,20.45,9.14,11.07,16.16,24.69,36.81
2009,PA,Pennsylvania,"1,26,66,858",6400267,5885356,91.95485126,514911,8.045148741,20.21,8.21,10.67,15.87,24.5,36.33
2009,RI,Rhode Island,"10,53,646",567285,504955,89.01257745,62330,10.98742255,21.31,8.54,11.21,16.8,26.24,38.94
2009,SC,South Carolina,"45,89,872",2152753,1910675,88.75495702,242078,11.24504298,17.81,7.59,9.61,14.14,21.38,31.51
2009,SD,South Dakota,"8,07,067",446014,423993,95.06271104,22021,4.937288964,16.02,7.83,9.73,13.06,18.62,27.09
2009,TN,Tennessee,"63,06,019",3052692,2733118,89.53140376,319574,10.46859624,17.96,7.67,9.7,14.17,21.42,31.46
2009,TX,Texas,"2,48,01,761",11910813,11008912,92.42788045,901901,7.572119552,19.76,7.53,9.55,14.83,24.13,36.92
2009,UT,Utah,"27,23,421",1365850,1266006,92.68997328,99844,7.310026723,18.86,8.12,10.34,14.79,22.82,33.82
2009,VT,Vermont,"6,24,817",359861,336119,93.40245261,23742,6.597547386,19.68,9.17,11.42,15.73,23.38,33.98
2009,VA,Virginia,"79,25,937",4118183,3842524,93.30629552,275659,6.693704481,22.29,8.08,10.82,16.75,27.47,44.36
2009,WA,Washington,"66,67,426",3535199,3211647,90.84770051,323552,9.152299489,22.97,9.55,12.41,18.37,28.83,41.87
2009,WV,West Virginia,"18,47,775",814033,751170,92.2775858,62863,7.722414202,16.62,7.62,8.83,12.98,20.54,29.36
2009,WI,Wisconsin,"56,69,264",3100357,2834341,91.41982681,266016,8.580173187,19.32,8.05,10.57,15.56,23.62,33.95
2009,WY,Wyoming,"5,59,851",300120,281152,93.67986139,18968,6.320138611,19.19,8.22,11.05,16.2,24.09,32.8
2009,PR,Puerto Rico,"37,40,410",1301275,1101868,84.67602928,199407,15.32397072,12.35,6.95,7.48,9.26,14.08,20.55
2010,AL,Alabama,"47,85,492",2196053,1964561,89.45872436,231492,10.54127564,18.55,7.92,9.44,14.21,22.57,33.5
2010,AK,Alaska,"7,14,031",361911,333415,92.12624098,28496,7.873759018,24.21,9.96,13.56,20.02,30.78,42.82
2010,AZ,Arizona,"64,08,312",3089706,2769454,89.63487141,320252,10.36512859,20.38,8.36,10.63,15.89,24.5,37.5
2010,AR,Arkansas,"29,21,995",1353341,1242499,91.80975083,110842,8.190249169,17.05,7.92,9.35,13.39,20.14,29.53
2010,CA,California,"3,73,32,685",18336283,16091950,87.76015292,2244333,12.23984708,24.39,9.01,11.32,18.21,30.76,47.32
2010,CO,Colorado,"50,48,644",2724420,2486405,91.26364511,238015,8.736354894,22.48,8.68,11.55,17.68,27.82,41.99
2010,CT,Connecticut,"35,79,899",1911714,1737451,90.88446284,174263,9.115537157,24.96,9.28,12.62,19.56,30.89,44.93
2010,DE,Delaware,"8,99,816",434420,397870,91.58648313,36550,8.413516873,22.53,8.65,11.28,17.26,27.87,41.95
2010,FL,Florida,"1,88,49,098",9212068,8193661,88.94486016,1018407,11.05513984,19.36,8.22,10.1,14.71,22.95,35.27
2010,GA,Georgia,"97,13,521",4696692,4202061,89.4685238,494631,10.5314762,20.32,8.1,9.96,15.2,24.7,37.64
2010,HI,Hawaii,"13,63,945",647250,602283,93.05260718,44967,6.947392816,21.03,8.74,11.59,17.06,25.97,37.97
2010,ID,Idaho,"15,71,010",761063,692830,91.03451357,68233,8.965486431,18.56,8.17,9.98,14.54,22.48,33.28
2010,IL,Illinois,"1,28,41,578",6625335,5937051,89.61133286,688284,10.38866714,22.33,8.87,10.61,16.87,27.92,42.08
2010,IN,Indiana,"64,90,528",3175193,2845605,89.61990657,329588,10.38009343,18.76,8.18,10.13,14.85,22.68,33.25
2010,IA,Iowa,"30,50,738",1678287,1577452,93.99179044,100835,6.008209561,18.14,8.24,10.19,14.6,21.75,31.29
2010,KS,Kansas,"28,58,850",1500777,1394963,92.94938555,105814,7.050614448,18.89,8.17,10.06,14.71,22.89,33.79
2010,KY,Kentucky,"43,48,662",2054383,1844654,89.79114411,209729,10.20885589,18.25,8.05,9.79,14.47,22.11,31.77
2010,LA,Louisiana,"45,44,996",2086086,1919859,92.03163244,166227,7.968367555,18.26,7.93,9.46,14.5,22.46,32.23
2010,ME,Maine,"13,27,730",695174,638629,91.86606519,56545,8.133934813,18.98,8.62,10.77,15.28,22.63,32.44
2010,MD,Maryland,"57,88,584",3073831,2838494,92.34385365,235337,7.656146353,24.46,8.71,11.94,19.11,30.81,47.24
2010,MA,Massachusetts,"65,65,524",3480084,3190817,91.68793052,289267,8.312069479,25.82,9.6,13.06,20.13,32.21,48.49
2010,MI,Michigan,"98,77,495",4798964,4194045,87.39480021,604919,12.60519979,20.81,8.42,10.68,16.26,26.01,37.86
2010,MN,Minnesota,"53,11,147",2938804,2721196,92.59535512,217608,7.404644883,21.86,8.74,11.52,17.3,26.85,39.88
2010,MS,Mississippi,"29,70,322",1306608,1170881,89.6122632,135727,10.3877368,16.31,7.84,9.1,12.83,19.41,28.43
2010,MO,Missouri,"59,96,118",3056496,2763545,90.41546267,292951,9.584537326,19.13,8.12,9.93,14.78,23.22,34.81
2010,MT,Montana,"9,90,641",500529,464000,92.70192137,36529,7.298078633,17.34,8.11,9.74,13.95,21.2,30.15
2010,NE,Nebraska,"18,30,051",993400,947362,95.36561305,46038,4.634386954,18.42,8.16,10.1,14.57,22.2,32.66
2010,NV,Nevada,"27,03,284",1358580,1174775,86.47080039,183805,13.52919961,19.82,8.36,10.74,15.47,24.16,35.95
2010,NH,New Hampshire,"13,16,872",738259,695136,94.15882502,43123,5.841174981,21.37,8.75,11.44,16.7,25.81,38.67
2010,NJ,New Jersey,"88,03,729",4555332,4121455,90.47540333,433877,9.52459667,24.39,8.82,11.76,18.76,30.84,46.16
2010,NM,New Mexico,"20,64,756",936091,860156,91.88807498,75935,8.111925016,19.26,8.15,9.59,14.45,23.75,36.14
2010,NY,New York,"1,94,02,640",9595362,8769725,91.39545751,825637,8.604542486,24.86,8.78,11.81,18.69,30.59,46.96
2010,NC,North Carolina,"95,58,915",4616705,4115634,89.14656665,501071,10.85343335,19.47,8.18,10.13,14.95,22.97,35.18
2010,ND,North Dakota,"6,74,526",378347,364056,96.22277962,14291,3.777220382,17.81,8.2,10.16,14.5,21.54,30.61
2010,OH,Ohio,"1,15,40,983",5846893,5247054,89.74089315,599839,10.25910685,19.66,8.21,10.17,15.45,24.32,35.34
2010,OK,Oklahoma,"37,59,603",1768290,1648139,93.20524348,120151,6.794756516,17.76,7.9,9.43,13.89,21.23,31.36
2010,OR,Oregon,"38,38,048",1984044,1773080,89.36696968,210964,10.63303032,20.94,9.2,11.28,16.58,25.3,37.71
2010,PA,Pennsylvania,"1,27,12,343",6380954,5840888,91.53628125,540066,8.463718748,20.7,8.49,10.89,16.27,25.16,37.17
2010,RI,Rhode Island,"10,53,337",566704,503216,88.79697338,63488,11.20302662,22.08,8.7,11.38,17.39,27.63,40.39
2010,SC,South Carolina,"46,35,943",2155667,1915043,88.83760804,240624,11.16239197,18.23,8.02,9.7,14.33,21.93,32.45
2010,SD,South Dakota,"8,16,325",441343,419355,95.0179339,21988,4.982066103,16.53,8.22,9.96,13.42,19.09,27.91
2010,TN,Tennessee,"63,56,671",3090793,2792063,90.33484287,298730,9.66515713,18.43,8.09,9.86,14.38,21.86,32.38
2010,TX,Texas,"2,52,44,310",12241994,11244644,91.85304289,997350,8.146957105,20.3,7.99,9.69,15.14,24.78,37.83
2010,UT,Utah,"27,75,326",1356104,1249819,92.16247426,106285,7.837525735,19.29,8.42,10.54,15.04,23.32,34.65
2010,VT,Vermont,"6,25,982",359406,337487,93.90132608,21919,6.098673923,20.21,9.27,11.44,15.97,23.81,35.16
2010,VA,Virginia,"80,25,773",4157667,3860390,92.84990837,297277,7.150091626,23,8.42,10.94,17.18,28.35,45.9
2010,WA,Washington,"67,43,226",3511326,3160543,90.00995635,350783,9.990043647,23.53,9.61,12.58,18.76,29.58,43.18
2010,WV,West Virginia,"18,54,230",811128,740911,91.34328984,70217,8.656710162,17.01,7.8,9.04,13.19,20.98,30.01
2010,WI,Wisconsin,"56,90,263",3081515,2814394,91.33150415,267121,8.668495854,19.7,8.34,10.58,15.78,23.99,34.78
2010,WY,Wyoming,"5,64,513",303297,283743,93.55285413,19554,6.447145867,19.96,8.61,11.35,16.84,25.16,34.38
2010,PR,Puerto Rico,"37,21,525",1268673,1061056,83.63510534,207617,16.36489466,12.92,7.55,8.03,9.42,14.58,21.54
2011,AL,Alabama,"47,99,918",2202672,1990414,90.36361292,212258,9.636387079,18.84,8.23,9.57,14.35,22.91,34.18
2011,AK,Alaska,"7,22,713",365916,338165,92.41601898,27751,7.583981023,24.8,9.97,13.8,20.65,31.54,43.9
2011,AZ,Arizona,"64,67,163",3037016,2748469,90.49899638,288547,9.501003617,21,8.6,10.9,16.4,25.52,39.19
2011,AR,Arkansas,"29,39,493",1362688,1249512,91.69465057,113176,8.305349427,17.47,8.18,9.43,13.68,20.78,30.36
2011,CA,California,"3,76,76,861",18415107,16258137,88.28695375,2156970,11.71304625,24.96,9.04,11.46,18.52,31.63,48.77
2011,CO,Colorado,"51,18,360",2736084,2507266,91.63702576,228818,8.362974236,22.84,8.79,11.54,17.82,28.3,42.85
2011,CT,Connecticut,"35,89,893",1914776,1745967,91.18387738,168809,8.816122617,25.4,9.31,12.65,19.87,31.64,45.57
2011,DE,Delaware,"9,07,924",443346,410086,92.4979587,33260,7.502041295,22.8,8.72,11.28,17.4,28.06,42.82
2011,FL,Florida,"1,90,96,952",9300549,8371644,90.01236379,928905,9.987636214,19.59,8.38,10.16,14.79,23.14,35.71
2011,GA,Georgia,"98,11,610",4748773,4263314,89.77716981,485459,10.22283019,20.48,8.31,9.96,15.25,24.92,37.65
2011,HI,Hawaii,"13,77,864",660255,615320,93.19429614,44935,6.805703857,21.44,8.85,11.77,17.44,26.53,38.73
2011,ID,Idaho,"15,84,143",765183,701469,91.67336441,63714,8.326635589,18.52,8.33,9.97,14.51,22.36,33.58
2011,IL,Illinois,"1,28,60,012",6586894,5948368,90.30611393,638526,9.693886071,22.38,8.98,10.71,16.95,27.97,41.95
2011,IN,Indiana,"65,16,480",3181998,2891947,90.88462658,290051,9.115373423,19.08,8.39,10.22,15.04,23.05,34.12
2011,IA,Iowa,"30,65,223",1662395,1570190,94.45348428,92205,5.54651572,18.66,8.44,10.37,14.99,22.35,32.56
2011,KS,Kansas,"28,69,503",1491101,1394089,93.49393502,97012,6.506064982,19.24,8.38,10.16,14.82,23.26,34.71
2011,KY,Kentucky,"43,69,354",2056423,1862935,90.59104085,193488,9.408959149,18.58,8.3,9.89,14.62,22.44,32.91
2011,LA,Louisiana,"45,75,404",2073219,1911022,92.17656215,162197,7.823437852,18.65,8.25,9.65,14.77,22.75,33.22
2011,ME,Maine,"13,28,231",699274,644083,92.10738566,55191,7.89261434,19.32,8.76,10.89,15.63,23.06,33.38
2011,MD,Maryland,"58,43,603",3096561,2872082,92.75069989,224479,7.249300111,24.93,8.83,12.02,19.45,31.55,48.45
2011,MA,Massachusetts,"66,11,923",3469309,3217754,92.74913246,251555,7.250867536,26.32,9.6,13.17,20.54,33.07,49.54
2011,MI,Michigan,"98,76,213",4685170,4198354,89.60942719,486816,10.39057281,21.01,8.62,10.8,16.47,26.34,37.94
2011,MN,Minnesota,"53,48,562",2946286,2755268,93.51665113,191018,6.483348867,22.19,8.82,11.5,17.54,27.38,40.89
2011,MS,Mississippi,"29,78,162",1342814,1208749,90.01611541,134065,9.983884589,16.72,8.11,9.2,13.11,19.9,29.01
2011,MO,Missouri,"60,10,717",3047794,2789227,91.51625733,258567,8.483742668,19.47,8.33,10.02,14.99,23.72,35.46
2011,MT,Montana,"9,97,821",501230,466406,93.05229136,34824,6.947708637,17.71,8.33,9.88,14.13,21.67,30.87
2011,NE,Nebraska,"18,42,283",1003266,959063,95.5940897,44203,4.405910297,18.82,8.41,10.29,14.82,22.58,33.45
2011,NV,Nevada,"27,18,379",1373117,1194265,86.97474432,178852,13.02525568,20.13,8.52,10.77,15.7,24.51,36.46
2011,NH,New Hampshire,"13,18,473",736304,696532,94.59842674,39772,5.401573263,21.74,8.88,11.56,16.99,26.34,39.25
2011,NJ,New Jersey,"88,41,243",4565272,4138466,90.65102802,426806,9.348971978,24.78,8.94,11.85,19.01,31.49,46.7
2011,NM,New Mexico,"20,77,756",930361,860308,92.47034216,70053,7.529657842,19.61,8.48,9.97,14.92,24.15,36.29
2011,NY,New York,"1,95,19,529",9517370,8728058,91.70661643,789312,8.293383571,25.39,8.85,11.85,19.02,31.4,48.29
2011,NC,North Carolina,"96,50,963",4633079,4157543,89.73606969,475536,10.26393032,19.83,8.39,10.24,15.16,23.28,35.83
2011,ND,North Dakota,"6,85,476",388637,375153,96.53043843,13484,3.46956157,18.69,8.53,10.64,15.4,22.59,32.06
2011,OH,Ohio,"1,15,44,824",5771477,5261242,91.15936874,510235,8.840631263,20,8.43,10.27,15.67,24.7,35.87
2011,OK,Oklahoma,"37,86,274",1772673,1668422,94.11899431,104251,5.88100569,18.36,8.25,9.66,14.26,21.95,32.82
2011,OR,Oregon,"38,68,031",1993892,1804323,90.49251414,189569,9.507485862,21.29,9.21,11.36,16.9,25.95,38.51
2011,PA,Pennsylvania,"1,27,44,293",6395505,5888745,92.07630985,506760,7.923690154,21.19,8.68,11.09,16.71,25.87,38.11
2011,RI,Rhode Island,"10,52,451",560056,498248,88.96396075,61808,11.03603925,22.78,8.88,11.57,17.72,28.54,42.45
2011,SC,South Carolina,"46,72,637",2175527,1945899,89.44494828,229628,10.55505172,18.54,8.26,9.72,14.45,22.29,33.41
2011,SD,South Dakota,"8,24,398",440935,420055,95.26460816,20880,4.735391838,17.01,8.53,10.3,13.78,19.6,28.46
2011,TN,Tennessee,"63,97,634",3125315,2844668,91.02020116,280647,8.979798836,18.81,8.31,9.92,14.56,22.3,33.6
2011,TX,Texas,"2,56,46,389",12504512,11535100,92.24750234,969412,7.752497658,20.72,8.28,9.87,15.44,25.37,38.68
2011,UT,Utah,"28,16,124",1350447,1259338,93.25341905,91109,6.746580947,19.69,8.55,10.63,15.41,23.99,35.33
2011,VT,Vermont,"6,26,730",358108,338464,94.514504,19644,5.485495996,20.71,9.32,11.55,16.36,24.43,35.75
2011,VA,Virginia,"81,10,035",4211815,3934333,93.4118189,277482,6.588181105,23.5,8.59,11.04,17.45,28.94,47.08
2011,WA,Washington,"68,22,520",3461432,3140192,90.7194479,321240,9.280552095,24.17,9.7,12.88,19.3,30.55,44.38
2011,WV,West Virginia,"18,54,972",807025,741977,91.93977882,65048,8.060221183,17.42,8.14,9.23,13.46,21.47,31.05
2011,WI,Wisconsin,"57,09,640",3079767,2841002,92.24730312,238765,7.752696876,19.92,8.5,10.69,16.04,24.27,35.16
2011,WY,Wyoming,"5,67,725",306815,289019,94.19976207,17796,5.800237928,20.44,8.86,11.64,17.37,25.92,35.05
2011,PR,Puerto Rico,"36,78,732",1220246,1025560,84.04534823,194686,15.95465177,13.07,7.79,8.42,9.54,14.72,21.5
2012,AL,Alabama,"48,15,960",2176343,2003292,92.04854198,173051,7.951458019,19.01,8.24,9.54,14.4,23.12,34.73
2012,AK,Alaska,"7,31,089",365523,339476,92.87404623,26047,7.12595377,25.02,10.01,14,20.92,31.78,43.78
2012,AZ,Arizona,"65,49,634",3028879,2776350,91.66262502,252529,8.337374983,21.13,8.67,10.79,16.34,25.69,39.56
2012,AR,Arkansas,"29,50,685",1342758,1241128,92.43124971,101630,7.568750289,17.72,8.21,9.44,13.79,21.08,31.35
2012,CA,California,"3,80,11,074",18523796,16602671,89.6288806,1921125,10.3711194,25.17,9.04,11.46,18.64,32.09,49.49
2012,CO,Colorado,"51,89,867",2757220,2539940,92.11959873,217280,7.880401274,23.13,8.88,11.57,17.84,28.52,43.55
2012,CT,Connecticut,"35,93,795",1887417,1729838,91.65107658,157579,8.348923423,25.85,9.36,12.73,20.2,32.32,46.55
2012,DE,Delaware,"9,16,993",445572,413458,92.79263508,32114,7.207364915,23.25,8.76,11.38,17.65,28.7,43.94
2012,FL,Florida,"1,93,44,156",9383001,8588671,91.53437157,794330,8.465628427,19.68,8.51,10.07,14.72,23.19,35.89
2012,GA,Georgia,"99,14,668",4787389,4348099,90.82401702,439290,9.175982984,20.82,8.36,10.1,15.48,25.35,38.53
2012,HI,Hawaii,"13,91,820",647186,608302,93.99183542,38884,6.008164577,21.54,8.9,11.82,17.47,26.64,39.22
2012,ID,Idaho,"15,95,911",769254,713706,92.77897807,55548,7.221021925,18.48,8.35,9.94,14.58,22.37,33.56
2012,IL,Illinois,"1,28,70,798",6581881,5990653,91.01733988,591228,8.982660124,22.68,9.01,10.75,17.06,28.4,42.83
2012,IN,Indiana,"65,37,743",3169843,2905553,91.66236309,264290,8.337636911,19.38,8.44,10.3,15.26,23.45,34.7
2012,IA,Iowa,"30,76,310",1653144,1569881,94.96335467,83263,5.036645326,19.02,8.49,10.48,15.33,22.78,33.27
2012,KS,Kansas,"28,85,262",1485237,1400131,94.26987073,85106,5.730129266,19.53,8.42,10.25,15.06,23.6,35.23
2012,KY,Kentucky,"43,84,799",2059142,1891174,91.84281609,167968,8.157183914,18.72,8.36,10,14.78,22.67,33.2
2012,LA,Louisiana,"46,03,429",2080283,1933141,92.92682774,147142,7.073172256,18.86,8.3,9.77,14.93,22.97,33.74
2012,ME,Maine,"13,28,895",702638,650124,92.52616568,52514,7.473834322,19.64,8.84,11.04,15.84,23.59,34.07
2012,MD,Maryland,"58,89,651",3119647,2902307,93.03318613,217340,6.966813873,25.17,8.81,11.99,19.52,31.94,48.8
2012,MA,Massachusetts,"66,58,008",3485166,3252532,93.32502383,232634,6.67497617,26.73,9.6,13.26,20.88,33.52,50.5
2012,MI,Michigan,"98,87,238",4672701,4246659,90.88231839,426042,9.117681615,21.14,8.64,10.8,16.52,26.47,38.33
2012,MN,Minnesota,"53,80,285",2946364,2781141,94.39230862,165223,5.607691378,22.42,8.81,11.5,17.74,27.78,41.6
2012,MS,Mississippi,"29,84,945",1316552,1198204,91.01076144,118348,8.989238556,16.98,8.16,9.27,13.37,20.3,29.57
2012,MO,Missouri,"60,25,415",3025316,2815279,93.05735335,210037,6.942646652,19.79,8.39,10.14,15.21,24.15,36.1
2012,MT,Montana,"10,05,196",506494,476176,94.01414429,30318,5.985855706,18.29,8.53,10.11,14.49,22.33,32.28
2012,NE,Nebraska,"18,55,725",1014991,974433,96.0041025,40558,3.995897501,19,8.48,10.44,15.01,22.77,33.95
2012,NV,Nevada,"27,52,565",1376384,1222711,88.83501988,153673,11.16498012,20.16,8.55,10.79,15.87,24.58,36.55
2012,NH,New Hampshire,"13,21,182",741094,700372,94.50515049,40722,5.494849506,21.92,8.91,11.61,17.18,26.52,39.52
2012,NJ,New Jersey,"88,73,211",4588035,4159987,90.67034144,428048,9.329658558,25,8.96,11.87,19.17,31.85,47.23
2012,NM,New Mexico,"20,83,784",927797,861619,92.8671897,66178,7.132810302,19.92,8.52,10.12,15.11,24.5,36.92
2012,NY,New York,"1,96,02,769",9612240,8793387,91.48114279,818853,8.518857207,25.76,8.87,11.87,19.19,31.99,49.56
2012,NC,North Carolina,"97,46,175",4680067,4245682,90.71840211,434385,9.281597892,20.07,8.42,10.28,15.31,23.64,36.39
2012,ND,North Dakota,"7,02,087",397874,385677,96.93445664,12197,3.065543363,19.64,8.77,11.29,16.4,23.73,33.64
2012,OH,Ohio,"1,15,50,839",5705600,5284010,92.61094363,421590,7.389056366,20.52,8.57,10.38,16.03,25.47,36.68
2012,OK,Oklahoma,"38,17,054",1803868,1709262,94.75538121,94606,5.244618786,18.83,8.32,9.82,14.52,22.41,33.79
2012,OR,Oregon,"38,99,116",1953444,1780793,91.16171234,172651,8.83828766,21.75,9.3,11.49,17.14,26.59,39.66
2012,PA,Pennsylvania,"1,27,71,854",6462945,5957316,92.1764923,505629,7.823507704,21.4,8.73,11.14,16.78,26.12,38.7
2012,RI,Rhode Island,"10,52,901",558489,500436,89.60534585,58053,10.39465415,23.31,8.84,11.6,17.96,29.35,43.65
2012,SC,South Carolina,"47,20,760",2186880,1985620,90.79693445,201260,9.203065555,18.61,8.27,9.68,14.52,22.46,33.69
2012,SD,South Dakota,"8,34,441",442448,423504,95.7183669,18944,4.281633096,17.32,8.56,10.38,13.99,19.99,28.98
2012,TN,Tennessee,"64,54,306",3100682,2857952,92.17172222,242730,7.828277779,18.9,8.34,9.95,14.59,22.44,33.9
2012,TX,Texas,"2,60,71,655",12670483,11818688,93.2773281,851795,6.722671898,20.97,8.32,9.9,15.55,25.57,39.66
2012,UT,Utah,"28,55,782",1372970,1298807,94.59835248,74163,5.401647523,20.12,8.61,10.73,15.75,24.61,36.22
2012,VT,Vermont,"6,26,444",354859,337284,95.04732866,17575,4.952671343,21,9.43,11.73,16.61,24.94,36.26
2012,VA,Virginia,"81,92,048",4223850,3967988,93.94244587,255862,6.057554127,23.82,8.64,11.12,17.61,29.39,48.14
2012,WA,Washington,"68,95,226",3471290,3189275,91.87578681,282015,8.124213189,24.59,9.79,12.91,19.47,31.24,45.41
2012,WV,West Virginia,"18,56,560",807921,747387,92.50743575,60534,7.492564248,17.84,8.19,9.34,13.73,22.03,31.98
2012,WI,Wisconsin,"57,26,177",3073988,2857422,92.95488466,216566,7.045115336,20.15,8.58,10.82,16.18,24.57,35.62
2012,WY,Wyoming,"5,76,765",307272,290935,94.68321227,16337,5.316787732,20.76,8.94,11.86,17.67,26.37,35.41
2012,PR,Puerto Rico,"36,34,488",1194288,1021392,85.52308991,172896,14.47691009,13.12,7.83,8.45,9.61,14.8,21.56
2013,AL,Alabama,"48,29,479",2168417,2011639,92.76993309,156778,7.230066911,19.35,8.27,9.62,14.61,23.64,35.4
2013,AK,Alaska,"7,36,879",364977,339732,93.08312579,25245,6.916874214,25.53,10.12,14.15,21.32,32.53,44.63
2013,AZ,Arizona,"66,24,617",3036685,2801510,92.25553523,235175,7.74446477,21.33,8.76,10.87,16.43,25.91,40.08
2013,AR,Arkansas,"29,58,663",1308388,1212406,92.6641027,95982,7.335897303,17.95,8.21,9.43,13.9,21.28,31.93
2013,CA,California,"3,83,35,203",18624333,16958740,91.05689852,1665593,8.943101479,25.49,9.08,11.55,18.71,32.41,50.58
2013,CO,Colorado,"52,67,603",2775676,2585966,93.16526857,189710,6.834731431,23.53,8.96,11.68,18.04,28.94,44.3
2013,CT,Connecticut,"35,96,003",1868823,1723929,92.24677778,144894,7.753222215,26.16,9.36,12.69,20.33,32.86,47.39
2013,DE,Delaware,"9,25,395",442495,412750,93.27789015,29745,6.722109854,23.68,8.85,11.55,17.94,29.1,44.55
2013,FL,Florida,"1,95,82,022",9446597,8762921,92.76272715,683676,7.237272851,19.78,8.59,10.09,14.74,23.19,35.92
2013,GA,Georgia,"99,84,938",4758379,4367153,91.77816647,391226,8.221833528,21.17,8.38,10.12,15.63,25.83,39.95
2013,HI,Hawaii,"14,06,481",649550,617997,95.1423293,31553,4.857670695,21.84,8.97,11.98,17.75,27,39.61
2013,ID,Idaho,"16,12,011",771896,724439,93.85189196,47457,6.148108035,18.67,8.36,10.01,14.68,22.5,33.87
2013,IL,Illinois,"1,28,79,505",6555064,5958988,90.90663341,596076,9.093366594,22.92,9.05,10.9,17.18,28.72,43.46
2013,IN,Indiana,"65,69,102",3190970,2946559,92.34054222,244411,7.659457782,19.61,8.45,10.33,15.38,23.78,35.17
2013,IA,Iowa,"30,91,930",1677542,1597884,95.25150488,79658,4.74849512,19.35,8.53,10.6,15.57,23.21,34.03
2013,KS,Kansas,"28,92,821",1486920,1407991,94.69177898,78929,5.308221021,19.83,8.5,10.46,15.44,24.01,35.59
2013,KY,Kentucky,"44,00,477",2057479,1891695,91.94237219,165784,8.057627806,19,8.4,10.14,15.01,23.08,33.81
2013,LA,Louisiana,"46,26,402",2105057,1964773,93.33585741,140284,6.664142586,18.99,8.31,9.84,15.03,23.1,34.02
2013,ME,Maine,"13,29,076",707362,660430,93.36520763,46932,6.634792369,19.92,8.87,11.13,16.06,23.91,34.72
2013,MD,Maryland,"59,31,129",3127157,2920244,93.38335108,206913,6.616648924,25.41,8.82,11.97,19.57,32.3,49.68
2013,MA,Massachusetts,"67,06,786",3511115,3274879,93.27176695,236236,6.728233054,27.12,9.6,13.32,21.07,34.02,51.51
2013,MI,Michigan,"98,98,982",4727634,4310032,91.1667866,417602,8.8332134,21.42,8.68,10.89,16.67,26.88,39.36
2013,MN,Minnesota,"54,18,521",2955278,2808758,95.04209079,146520,4.957909205,22.77,8.88,11.67,17.98,28.23,42.46
2013,MS,Mississippi,"29,90,482",1269720,1160510,91.39889109,109210,8.601108906,17.34,8.19,9.34,13.57,20.7,30.37
2013,MO,Missouri,"60,42,711",3022529,2820772,93.32489448,201757,6.675105516,20.2,8.43,10.27,15.55,24.78,36.79
2013,MT,Montana,"10,14,314",512246,484477,94.57897182,27769,5.421028178,18.79,8.65,10.3,14.79,22.85,33.32
2013,NE,Nebraska,"18,68,559",1018265,979613,96.20413154,38652,3.795868463,19.33,8.53,10.6,15.31,23.24,34.47
2013,NV,Nevada,"27,86,464",1382145,1249721,90.41895025,132424,9.581049745,20.3,8.57,10.83,16.03,24.69,36.6
2013,NH,New Hampshire,"13,22,687",742027,704309,94.91689656,37718,5.083103445,22.22,8.93,11.58,17.21,26.82,40.55
2013,NJ,New Jersey,"88,99,162",4531860,4159541,91.78441082,372319,8.215589184,25.39,8.98,11.94,19.35,32.43,48.49
2013,NM,New Mexico,"20,85,193",923576,859297,93.0402046,64279,6.959795404,19.94,8.53,10.13,15.14,24.52,36.77
2013,NY,New York,"1,96,73,546",9623087,8881173,92.29027026,741914,7.709729736,26.24,8.91,11.95,19.45,32.73,50.91
2013,NC,North Carolina,"98,41,590",4681714,4307942,92.01634273,373772,7.983657267,20.39,8.44,10.33,15.46,24.02,37.17
2013,ND,North Dakota,"7,24,019",407011,395216,97.10204393,11795,2.897956075,20.39,9.01,11.85,17.14,24.81,34.73
2013,OH,Ohio,"1,15,70,022",5715263,5288325,92.52986258,426938,7.47013742,20.76,8.67,10.48,16.22,25.72,37.04
2013,OK,Oklahoma,"38,52,415",1806060,1710381,94.70233547,95679,5.297664529,19.2,8.37,9.99,14.77,22.7,34.5
2013,OR,Oregon,"39,25,751",1906990,1756495,92.10824388,150495,7.891756118,22.01,9.37,11.55,17.24,26.91,40.46
2013,PA,Pennsylvania,"1,27,81,338",6441931,5968344,92.64836894,473587,7.351631056,21.77,8.75,11.22,16.98,26.59,39.84
2013,RI,Rhode Island,"10,53,033",557117,505605,90.75382729,51512,9.246172707,23.47,8.93,11.7,18.03,29.34,43.78
2013,SC,South Carolina,"47,67,894",2194317,2026668,92.35985503,167649,7.640144975,18.75,8.29,9.69,14.56,22.56,33.99
2013,SD,South Dakota,"8,44,922",444715,427911,96.22140022,16804,3.778599777,17.56,8.6,10.47,14.14,20.37,29.47
2013,TN,Tennessee,"64,94,821",3072525,2832883,92.20048657,239642,7.79951343,19.33,8.38,10.09,14.9,22.99,34.61
2013,TX,Texas,"2,64,73,525",12872236,12070818,93.77405759,801418,6.225942408,21.35,8.37,10.09,15.81,26.01,40.57
2013,UT,Utah,"29,02,663",1408454,1343807,95.41007374,64647,4.58992626,20.55,8.64,10.82,16,25.25,37.22
2013,VT,Vermont,"6,27,140",351255,335788,95.59664631,15467,4.403353689,21.18,9.57,12.05,17.01,25.46,36.41
2013,VA,Virginia,"82,62,692",4236572,3994587,94.28818866,241985,5.711811342,24.1,8.69,11.22,17.77,29.78,48.61
2013,WA,Washington,"69,68,006",3462206,3218574,92.96309925,243632,7.036900751,25.04,9.88,12.94,19.67,31.79,46.67
2013,WV,West Virginia,"18,53,231",798177,744204,93.23796602,53973,6.762033985,18.05,8.22,9.42,13.96,22.36,32.52
2013,WI,Wisconsin,"57,42,854",3082633,2875003,93.26452419,207630,6.735475809,20.34,8.62,10.91,16.32,24.91,36.03
2013,WY,Wyoming,"5,82,684",306345,291937,95.29680589,14408,4.703194111,21.05,8.98,11.97,17.79,26.73,35.8
2013,PR,Puerto Rico,"35,93,077",1166310,999534,85.70054274,166776,14.29945726,13.13,7.82,8.43,9.51,14.84,21.95
2014,AL,Alabama,"48,43,214",2162392,2015440,93.20419239,146952,6.795807606,19.66,8.3,9.72,14.83,23.95,36.04
2014,AK,Alaska,"7,36,705",365482,340487,93.16108591,24995,6.838914092,25.98,10.36,14.43,21.73,33.14,45.57
2014,AZ,Arizona,"67,19,993",3096112,2886392,93.22634323,209720,6.773656767,21.43,8.83,10.9,16.46,26.06,40.17
2014,AR,Arkansas,"29,66,912",1303116,1223806,93.91381888,79310,6.086181123,18.24,8.23,9.49,14.01,21.66,32.55
2014,CA,California,"3,86,80,810",18755036,17348650,92.50128872,1406386,7.498711279,25.91,9.15,11.68,18.84,32.79,51.68
2014,CO,Colorado,"53,49,648",2810414,2669954,95.00215982,140460,4.997840176,23.97,9.07,11.86,18.28,29.33,45.31
2014,CT,Connecticut,"35,91,873",1883738,1759110,93.38400563,124628,6.615994369,26.47,9.45,12.89,20.67,33.16,48.08
2014,DE,Delaware,"9,34,948",453251,427348,94.28506501,25903,5.714934992,23.81,8.98,11.63,18.03,29.31,44.82
2014,FL,Florida,"1,98,88,741",9579630,8978166,93.72142765,601464,6.278572346,20.11,8.69,10.22,14.93,23.63,36.56
2014,GA,Georgia,"1,00,87,231",4757073,4418480,92.88232491,338593,7.117675091,21.48,8.4,10.22,15.79,26.12,40.57
2014,HI,Hawaii,"14,16,349",666082,636985,95.63161893,29097,4.36838107,22.23,9.03,12.19,18.01,27.37,40.44
2014,ID,Idaho,"16,33,532",780877,742992,95.14840365,37885,4.851596346,19.12,8.43,10.22,14.93,22.85,34.5
2014,IL,Illinois,"1,28,67,544",6507198,6046064,92.91347827,461134,7.086521726,23.45,9.08,11.03,17.59,29.47,44.63
2014,IN,Indiana,"65,95,233",3227208,3035184,94.04984123,192024,5.950158775,19.94,8.49,10.44,15.63,24.12,35.73
2014,IA,Iowa,"31,08,030",1703999,1631050,95.71895289,72949,4.281047113,19.77,8.62,10.86,15.91,23.74,34.78
2014,KS,Kansas,"28,99,360",1493990,1426199,95.46241943,67791,4.537580573,20.2,8.58,10.69,15.83,24.27,36.14
2014,KY,Kentucky,"44,13,057",2007192,1877815,93.55432863,129377,6.445671366,19.25,8.44,10.3,15.3,23.45,34.13
2014,LA,Louisiana,"46,47,880",2152211,2015122,93.63031785,137089,6.369682155,19.32,8.32,9.87,15.2,23.45,34.59
2014,ME,Maine,"13,30,719",696588,657353,94.36754581,39235,5.632454191,20.26,8.92,11.27,16.29,24.37,35.25
2014,MD,Maryland,"59,67,295",3125329,2943562,94.1840683,181767,5.815931699,25.7,8.86,12.09,19.63,32.58,50.43
2014,MA,Massachusetts,"67,49,911",3553751,3349160,94.24295625,204591,5.757043755,27.7,9.69,13.46,21.48,34.75,52.88
2014,MI,Michigan,"99,15,767",4754169,4408804,92.7355338,345365,7.264466198,21.7,8.68,10.88,16.7,27.13,40.24
2014,MN,Minnesota,"54,53,109",2961335,2837610,95.82198569,123725,4.178014308,23.23,8.98,11.89,18.3,28.72,43.26
2014,MS,Mississippi,"29,92,400",1246853,1152789,92.45588694,94064,7.544113059,17.67,8.22,9.41,13.76,21.16,30.91
2014,MO,Missouri,"60,60,930",3059081,2872378,93.89676181,186703,6.103238195,20.57,8.5,10.39,15.76,25.2,37.69
2014,MT,Montana,"10,22,867",513668,489681,95.33025223,23987,4.669747775,19.17,8.77,10.5,15.15,23.35,34.02
2014,NE,Nebraska,"18,81,145",1011783,978457,96.70621072,33326,3.293789281,19.75,8.61,10.77,15.66,23.79,35.2
2014,NV,Nevada,"28,33,013",1395375,1284908,92.08334677,110467,7.916653229,20.34,8.62,10.92,16.13,24.65,36.76
2014,NH,New Hampshire,"13,28,743",740995,709326,95.726152,31669,4.273848002,22.63,8.98,11.69,17.51,27.31,41.3
2014,NJ,New Jersey,"89,25,001",4515812,4211531,93.26187627,304281,6.738123731,25.92,9.2,12.01,19.56,32.88,49.29
2014,NM,New Mexico,"20,83,024",922387,860395,93.27917674,61992,6.720823255,20.31,8.55,10.18,15.29,25,37.86
2014,NY,New York,"1,97,18,515",9570719,8965446,93.6757834,605273,6.324216603,26.75,9.08,12.01,19.65,33.2,51.88
2014,NC,North Carolina,"99,34,399",4687993,4392650,93.70001192,295343,6.299988076,20.81,8.46,10.39,15.63,24.45,38.23
2014,ND,North Dakota,"7,39,904",415361,404206,97.31438435,11155,2.685615645,21.2,9.34,12.46,17.75,25.79,35.98
2014,OH,Ohio,"1,15,94,408",5697706,5367285,94.20080643,330421,5.79919357,21.11,8.77,10.65,16.47,26.17,37.64
2014,OK,Oklahoma,"38,77,499",1793258,1712630,95.503826,80628,4.496174003,19.64,8.42,10.19,15.17,23.22,35.25
2014,OR,Oregon,"39,68,371",1937891,1805954,93.19172234,131937,6.808277659,22.53,9.47,11.7,17.5,27.5,41.64
2014,PA,Pennsylvania,"1,27,90,565",6399191,6025456,94.15965237,373735,5.840347631,22,8.75,11.26,17.13,26.98,40.39
2014,RI,Rhode Island,"10,54,480",555419,512697,92.30814934,42722,7.691850657,23.83,9.03,11.87,18.43,29.8,44.45
2014,SC,South Carolina,"48,28,430",2224663,2081509,93.56513773,143154,6.434862269,19.03,8.32,9.81,14.74,23.02,34.46
2014,SD,South Dakota,"8,52,561",448205,432825,96.56853449,15380,3.431465512,17.93,8.66,10.59,14.36,20.95,30.26
2014,TN,Tennessee,"65,44,663",3040071,2841456,93.46676443,198615,6.533235572,19.55,8.43,10.26,15.02,23.28,35.12
2014,TX,Texas,"2,69,44,751",13004363,12340575,94.89565156,663788,5.104348441,21.79,8.45,10.36,16.18,26.53,41.42
2014,UT,Utah,"29,41,836",1430504,1375910,96.18358285,54594,3.816417151,20.94,8.71,10.97,16.2,25.64,38.42
2014,VT,Vermont,"6,26,984",347962,334199,96.04468304,13763,3.95531696,21.41,9.75,12.28,17.39,25.85,36.74
2014,VA,Virginia,"83,17,372",4248797,4026451,94.76684812,222346,5.233151878,24.4,8.73,11.36,18.05,30.03,48.88
2014,WA,Washington,"70,54,196",3490448,3276709,93.87645941,213739,6.123540588,25.26,10.18,13.06,19.76,31.79,47.44
2014,WV,West Virginia,"18,48,514",788960,736506,93.35150071,52454,6.64849929,18.21,8.24,9.5,14.14,22.5,32.67
2014,WI,Wisconsin,"57,58,377",3085095,2917800,94.57731447,167295,5.422685525,20.62,8.66,11.04,16.52,25.26,36.53
2014,WY,Wyoming,"5,83,642",306458,293735,95.84837074,12723,4.151629261,21.6,9.05,12.22,18.16,27.45,36.7
2014,PR,Puerto Rico,"35,34,874",1134274,976465,86.08722407,157809,13.91277593,13.23,7.82,8.41,9.42,14.6,22.73
2015,AL,Alabama,"48,53,875",2152299,2020680,93.88472512,131619,6.115274876,20.15,8.36,9.93,15.17,24.39,36.88
2015,AK,Alaska,"7,37,709",362663,339309,93.56041284,23354,6.439587165,26.81,10.62,14.73,22.32,34.22,47.47
2015,AZ,Arizona,"68,17,565",3164886,2974069,93.97080969,190817,6.029190309,21.78,8.96,11.1,16.67,26.48,40.64
2015,AR,Arkansas,"29,77,853",1332585,1265178,94.94163599,67407,5.058364007,18.53,8.31,9.55,14.14,22,33.05
2015,CA,California,"3,89,93,940",18893152,17723268,93.80789399,1169884,6.192106008,26.57,9.48,11.98,19.15,33.27,53.08
2015,CO,Colorado,"54,48,819",2833514,2722987,96.09929579,110527,3.900704214,24.61,9.21,12.04,18.66,29.97,46.6
2015,CT,Connecticut,"35,84,730",1890507,1782271,94.27476333,108236,5.725236669,27.06,9.63,13.11,21.07,33.74,49.26
2015,DE,Delaware,"9,44,076",467226,444629,95.16358251,22597,4.836417494,24.18,9.1,11.85,18.15,29.73,45.71
2015,FL,Florida,"2,02,44,914",9618677,9097882,94.58558594,520795,5.414414061,20.6,8.82,10.46,15.29,24.26,37.36
2015,GA,Georgia,"1,01,99,398",4787379,4502025,94.03945249,285354,5.960547515,21.84,8.46,10.38,16.07,26.55,41.19
2015,HI,Hawaii,"14,25,157",674911,650767,96.42263943,24144,3.577360571,22.95,9.23,12.52,18.63,28.14,41.56
2015,ID,Idaho,"16,52,828",797052,763403,95.7783181,33649,4.221681898,19.62,8.52,10.47,15.32,23.55,35.49
2015,IL,Illinois,"1,28,39,047",6507319,6120865,94.06124089,386454,5.938759111,24.02,9.17,11.28,17.94,29.86,45.75
2015,IN,Indiana,"66,12,768",3271543,3114005,95.18459638,157538,4.815403618,20.23,8.57,10.66,15.82,24.43,36.24
2015,IA,Iowa,"31,21,997",1702581,1637671,96.1875529,64910,3.812447102,20.12,8.7,11.08,16.18,24.13,35.43
2015,KS,Kansas,"29,06,721",1489170,1426765,95.80941061,62405,4.190589389,20.64,8.69,10.97,16.2,24.75,36.89
2015,KY,Kentucky,"44,24,611",1965677,1861526,94.70152014,104151,5.298479862,19.65,8.51,10.49,15.55,23.92,34.87
2015,LA,Louisiana,"46,68,960",2161027,2024149,93.66606711,136878,6.333932894,19.62,8.35,9.93,15.38,23.83,35.21
2015,ME,Maine,"13,29,453",682696,652779,95.61781525,29917,4.38218475,20.8,9.07,11.52,16.69,25.07,36.2
2015,MD,Maryland,"59,94,983",3147441,2986816,94.89664778,160625,5.103352215,26.27,9.1,12.35,20.13,33.21,51.21
2015,MA,Massachusetts,"67,84,240",3579697,3405829,95.14294087,173868,4.857059131,28.37,9.87,13.67,21.91,35.58,54.22
2015,MI,Michigan,"99,17,715",4757468,4500000,94.58812965,257468,5.411870348,22.26,8.99,11.07,17.02,27.68,41.36
2015,MN,Minnesota,"54,82,435",2975542,2864589,96.27116673,110953,3.728833268,23.91,9.28,12.27,18.69,29.29,44.3
2015,MS,Mississippi,"29,89,390",1269950,1188600,93.59423599,81350,6.405764006,18.08,8.26,9.48,13.94,21.71,31.58
2015,MO,Missouri,"60,76,204",3096693,2941826,94.99895534,154867,5.001044663,20.98,8.63,10.59,16.05,25.61,38.4
2015,MT,Montana,"10,32,073",519671,498094,95.84794995,21577,4.152050047,19.53,8.91,10.71,15.37,23.74,34.56
2015,NE,Nebraska,"18,93,765",1008392,977669,96.95326817,30723,3.046731827,20.49,8.95,11.15,16.27,24.72,36.18
2015,NV,Nevada,"28,83,758",1414712,1318474,93.19734335,96238,6.802656654,20.58,8.67,10.96,16.2,24.71,37.39
2015,NH,New Hampshire,"13,30,111",742787,717724,96.62581601,25063,3.374183985,23.42,9.08,11.91,17.92,28.18,43.13
2015,NJ,New Jersey,"89,35,421",4530546,4267905,94.20288416,262641,5.797115844,26.42,9.33,12.13,19.86,33.39,50.42
2015,NM,New Mexico,"20,80,328",924117,863443,93.43438114,60674,6.565618856,20.76,8.62,10.4,15.54,25.57,38.89
2015,NY,New York,"1,97,47,183",9591216,9084593,94.71784391,506623,5.282156089,27.42,9.33,12.2,20,33.76,53.48
2015,NC,North Carolina,"1,00,35,186",4768228,4493912,94.24700329,274316,5.752996711,21.24,8.52,10.54,15.91,25.05,39.18
2015,ND,North Dakota,"7,56,835",414255,402674,97.20437895,11581,2.795621055,21.95,9.7,12.97,18.35,26.61,37.12
2015,OH,Ohio,"1,16,05,090",5691648,5412760,95.10004835,278888,4.899951648,21.52,8.9,10.91,16.84,26.62,38.29
2015,OK,Oklahoma,"39,07,414",1833634,1753274,95.61744601,80360,4.382553988,20.11,8.49,10.41,15.59,23.82,36.16
2015,OR,Oregon,"40,24,634",1978013,1867189,94.39720568,110824,5.602794319,23.12,9.71,11.92,17.83,28.1,42.95
2015,PA,Pennsylvania,"1,27,91,904",6425894,6085329,94.70011488,340565,5.299885121,22.38,8.8,11.42,17.38,27.47,41.15
2015,RI,Rhode Island,"10,55,607",553681,520421,93.99293095,33260,6.007069052,24.41,9.4,12.15,18.77,30.25,45.38
2015,SC,South Carolina,"48,94,834",2270386,2134637,94.02088455,135749,5.979115446,19.51,8.38,10.05,15.04,23.51,35.27
2015,SD,South Dakota,"8,57,919",450998,437141,96.92748083,13857,3.072519169,18.66,9.17,10.92,14.8,21.78,31.49
2015,TN,Tennessee,"65,95,056",3070951,2899167,94.40616278,171784,5.593837219,19.85,8.49,10.41,15.3,23.66,35.64
2015,TX,Texas,"2,74,29,639",13044106,12463035,95.54533672,581071,4.454663279,22.38,8.55,10.67,16.61,27.25,42.52
2015,UT,Utah,"29,90,632",1465771,1412521,96.36709964,53250,3.632900364,21.22,8.78,11.14,16.34,25.78,38.86
2015,VT,Vermont,"6,26,088",345474,333121,96.42433295,12353,3.575667055,22.15,10.05,12.66,17.81,26.42,37.74
2015,VA,Virginia,"83,67,587",4212054,4024213,95.54039431,187841,4.459605694,24.84,8.83,11.56,18.36,30.47,49.63
2015,WA,Washington,"71,60,290",3545678,3345840,94.36389881,199838,5.636101191,25.97,10.63,13.47,20.28,32.38,48.83
2015,WV,West Virginia,"18,41,053",783230,730309,93.24323634,52921,6.756763658,18.8,8.63,9.71,14.54,23.01,33.57
2015,WI,Wisconsin,"57,67,891",3094859,2953582,95.43510706,141277,4.56489294,21.12,8.75,11.26,16.88,25.82,37.34
2015,WY,Wyoming,"5,86,555",305148,292187,95.75255286,12961,4.24744714,22.04,9.19,12.43,18.41,27.76,37.42
2015,PR,Puerto Rico,"34,73,181",1122316,987643,88.00043838,134673,11.99956162,13.56,7.86,8.47,9.61,15.27,23.19
2016,AL,Alabama,"48,63,300",2168612,2038777,94.0129908,129835,5.987009202,20.44,8.45,10.19,15.43,24.7,37.4
2016,AK,Alaska,"7,41,894",360428,336621,93.3947973,23807,6.605202703,27.26,11.01,15,22.68,34.52,48.24
2016,AZ,Arizona,"69,31,071",3237865,3066265,94.7002114,171600,5.299788595,22.26,9.1,11.37,17.05,27.03,41.19
2016,AR,Arkansas,"29,88,248",1342695,1288997,96.00072988,53698,3.999270125,19.03,8.67,9.87,14.48,22.64,33.59
2016,CA,California,"3,92,50,017",19102734,18065047,94.56786133,1037687,5.432138667,27.33,10.3,12.45,19.67,33.84,54.17
2016,CO,Colorado,"55,40,545",2891051,2795237,96.68584193,95814,3.314158069,25.34,9.43,12.38,19.09,30.71,48.03
2016,CT,Connecticut,"35,76,452",1891790,1795518,94.91106307,96272,5.088936933,27.87,10.14,13.47,21.68,34.55,50.57
2016,DE,Delaware,"9,52,065",472677,451973,95.61984188,20704,4.380158121,24.48,9.19,11.89,18.25,29.91,46.47
2016,FL,Florida,"2,06,12,439",9838942,9358574,95.11768643,480368,4.882313566,21.18,8.99,10.8,15.77,24.93,38.26
2016,GA,Georgia,"1,03,10,371",4920469,4656258,94.63036958,264211,5.369630415,22.38,8.55,10.63,16.51,27.18,42.26
2016,HI,Hawaii,"14,28,557",685380,664691,96.98138259,20689,3.018617409,23.76,9.56,12.91,19.24,29.07,43.05
2016,ID,Idaho,"16,83,140",814575,783435,96.17714759,31140,3.822852408,20.15,8.64,10.81,15.77,24.26,36.41
2016,IL,Illinois,"1,28,01,539",6539021,6154876,94.12534384,384145,5.87465616,24.76,9.31,11.57,18.4,30.77,47.2
2016,IN,Indiana,"66,33,053",3326905,3179814,95.57874361,147091,4.421256393,20.64,8.7,10.99,16.25,24.82,36.72
2016,IA,Iowa,"31,34,693",1700696,1638292,96.33067873,62404,3.669321266,20.93,8.9,11.53,16.72,25.08,36.77
2016,KS,Kansas,"29,07,289",1484012,1422123,95.82961593,61889,4.170384067,21.13,8.8,11.2,16.57,25.42,37.97
2016,KY,Kentucky,"44,36,974",1991981,1892280,94.99488198,99701,5.005118021,20.08,8.64,10.78,15.96,24.37,35.45
2016,LA,Louisiana,"46,81,666",2121226,1992121,93.91366125,129105,6.086338749,19.84,8.38,9.97,15.43,24.2,35.69
2016,ME,Maine,"13,31,479",690624,664009,96.14623876,26615,3.853761236,21.24,9.27,11.84,17.01,25.6,36.96
2016,MD,Maryland,"60,16,447",3170012,3034131,95.71354935,135881,4.286450651,26.98,9.34,12.64,20.68,34.05,52.53
2016,MA,Massachusetts,"68,11,779",3588613,3455827,96.29979605,132786,3.700203951,29.25,10.66,14.02,22.45,36.47,55.8
2016,MI,Michigan,"99,28,300",4836771,4599055,95.08523352,237716,4.914766484,22.76,9.16,11.32,17.32,28.2,42.1
2016,MN,Minnesota,"55,19,952",3001146,2884100,96.09995648,117046,3.900043517,24.68,9.66,12.7,19.28,30.08,45.44
2016,MS,Mississippi,"29,88,726",1280438,1205778,94.16918273,74660,5.830817267,18.41,8.34,9.68,14.22,22.17,32.09
2016,MO,Missouri,"60,93,000",3111525,2970708,95.47434136,140817,4.52565864,21.45,8.81,10.92,16.46,26.06,39.06
2016,MT,Montana,"10,42,520",526407,504577,95.85301867,21830,4.146981328,19.92,9.08,10.98,15.75,24.24,35.02
2016,NE,Nebraska,"19,07,116",1011051,978573,96.78769914,32478,3.212300863,21.24,9.43,11.63,16.77,25.6,37.47
2016,NV,Nevada,"29,40,058",1427113,1346008,94.31684807,81105,5.68315193,21.17,8.86,11.36,16.59,25.43,38.43
2016,NH,New Hampshire,"13,34,795",748566,727417,97.17473142,21149,2.82526858,24.13,9.32,12.34,18.4,28.87,44.21
2016,NJ,New Jersey,"89,44,469",4524260,4299932,95.04166427,224328,4.958335728,26.94,9.52,12.43,20.17,33.74,51.29
2016,NM,New Mexico,"20,81,015",927359,864914,93.26636179,62445,6.733638213,21.23,8.69,10.58,15.82,25.99,40.01
2016,NY,New York,"1,97,45,289",9584458,9121327,95.16789577,463131,4.832104225,28.32,9.55,12.52,20.56,34.79,55.17
2016,NC,North Carolina,"1,01,46,788",4875712,4629335,94.94685084,246377,5.053149161,21.77,8.62,10.79,16.31,25.66,40.04
2016,ND,North Dakota,"7,57,952",416230,403069,96.83804627,13161,3.161953728,22.66,10.08,13.43,18.83,27.59,38.33
2016,OH,Ohio,"1,16,14,373",5713093,5430792,95.05870113,282301,4.941298873,22.08,9.04,11.18,17.19,27.23,39.29
2016,OK,Oklahoma,"39,23,561",1828423,1739369,95.12946402,89054,4.870535976,20.56,8.58,10.66,15.93,24.45,37.02
2016,OR,Oregon,"40,93,465",2055120,1954824,95.11970104,100296,4.880298961,23.9,10.2,12.39,18.26,28.89,44.56
2016,PA,Pennsylvania,"1,27,84,227",6471996,6120034,94.56177043,351962,5.438229566,22.85,8.94,11.65,17.63,27.99,42.17
2016,RI,Rhode Island,"10,56,426",552220,522812,94.67458622,29408,5.325413784,24.96,9.76,12.37,19.1,30.82,46.3
2016,SC,South Carolina,"49,61,119",2297814,2186744,95.16627543,111070,4.833724575,19.97,8.49,10.32,15.45,24.04,36.05
2016,SD,South Dakota,"8,65,454",453073,440297,97.18014536,12776,2.819854637,19.27,9.36,11.24,15.19,22.45,32.47
2016,TN,Tennessee,"66,51,194",3135102,2984260,95.18860949,150842,4.811390507,20.36,8.62,10.72,15.77,24.21,36.41
2016,TX,Texas,"2,78,62,596",13284651,12671814,95.38687919,612837,4.613120811,22.97,8.69,11,17.06,27.98,43.61
2016,UT,Utah,"30,51,217",1511467,1459705,96.57538008,51762,3.424619922,21.87,8.99,11.48,16.83,26.59,39.86
2016,VT,Vermont,"6,24,594",344889,333637,96.73750105,11252,3.262498949,22.9,10.45,13.05,18.23,27.12,38.85
2016,VA,Virginia,"84,11,808",4240416,4070265,95.98739841,170151,4.012601594,25.53,8.97,11.88,18.78,31.23,50.95
2016,WA,Washington,"72,88,000",3643885,3445883,94.56618417,198002,5.433815831,26.83,11.05,13.93,20.87,33.24,50.24
2016,WV,West Virginia,"18,31,102",783468,736425,93.99554289,47043,6.004457106,19.35,9.1,10,14.79,23.49,34.33
2016,WI,Wisconsin,"57,78,708",3120236,2991035,95.85925552,129201,4.140744482,21.75,8.94,11.68,17.43,26.57,38.25
2016,WY,Wyoming,"5,85,501",302335,286375,94.72108754,15960,5.278912465,22.52,9.42,12.7,18.61,28.24,38.36
2016,PR,Puerto Rico,"34,11,307",1121132,989006,88.21494704,132126,11.78505296,13.82,7.89,8.52,9.73,15.59,23.75
